Workbook

Sheet sample_event_meta
A1: year | B1: gear | C1: gear_detailed | D1: date_start | E1: time_start | F1: date_stop | G1: time_stop | H1: vessel | I1: dock_departure_time | J1: weather | K1: wind | L1: crew | M1: set_type | N1: set_no | O1: site_name_raw | P1: site_name_CLEAN | Q1: lat_DD | R1: long_DD | S1: form1-ID | T1: form2-ID | U1: usid | V1: comments
A2: 2023 | B2: 6' RST | D2: 45008 | E2: 16:30 | F2: 45009 | G2: 09:00 | L2: KD, PV, PFN | M2: Night | O2: Rod's | Q2: 48.5778 | R2: -124.30415 | U2: =CONCATENATE(TEXT(F2,"ddmmmyy"),"-",IF(B2="CCFS purse seine","PRS", IF(B2="PFN pole seine","POS", IF(B2="6' RST","RST", IF(B2="PFN beach seine","BS", "FLAG")))), IF(ISBLANK(N2), CONCATENATE("-",M2), CONCATENATE("-",N2))) -> 24Mar23-RST-Night
A3: 2023 | B3: 6' RST | D3: 45014 | E3: 16:40 | F3: 45015 | G3: 09:00 | J3: overcast | L3: AJ, JJ, Chris McAulay, MDJ, KD, AJ | M3: Night | O3: Rod's | Q3: 48.5778 | R3: -124.30415 | U3: =CONCATENATE(TEXT(F3,"ddmmmyy"),"-",IF(B3="CCFS purse seine","PRS", IF(B3="PFN pole seine","POS", IF(B3="6' RST","RST", IF(B3="PFN beach seine","BS", "FLAG")))), IF(ISBLANK(N3), CONCATENATE("-",M3), CONCATENATE("-",N3))) -> 30Mar23-RST-Night
A4: 2023 | B4: 6' RST | D4: 45015 | E4: 18:40 | F4: 45016 | G4: 08:55 | J4: light rain, overcast | L4: AJx2, JJ, KD, CM, MDJ | M4: Night | O4: Rod's | Q4: 48.5778 | R4: -124.30415 | U4: =CONCATENATE(TEXT(F4,"ddmmmyy"),"-",IF(B4="CCFS purse seine","PRS", IF(B4="PFN pole seine","POS", IF(B4="6' RST","RST", IF(B4="PFN beach seine","BS", "FLAG")))), IF(ISBLANK(N4), CONCATENATE("-",M4), CONCATENATE("-",N4))) -> 31Mar23-RST-Night
A5: 2023 | B5: 6' RST | D5: 45020 | E5: 18:20 | F5: 45021 | G5: 09:00 | J5: high light cloud/sun, very light breeze | L5: CM, AJ, TL, AN, HJ | M5: Night | O5: Rod's | Q5: 48.5778 | R5: -124.30415 | U5: =CONCATENATE(TEXT(F5,"ddmmmyy"),"-",IF(B5="CCFS purse seine","PRS", IF(B5="PFN pole seine","POS", IF(B5="6' RST","RST", IF(B5="PFN beach seine","BS", "FLAG")))), IF(ISBLANK(N5), CONCATENATE("-",M5), CONCATENATE("-",N5))) -> 05Apr23-RST-Night
A6: 2023 | B6: 6' RST | D6: 45021 | E6: 18:15 | F6: 45022 | G6: 09:15 | J6: Rainy! | L6: JF, KD, AN, RJ, JJ, AJ | M6: Night | O6: Rod's | Q6: 48.5778 | R6: -124.30415 | U6: =CONCATENATE(TEXT(F6,"ddmmmyy"),"-",IF(B6="CCFS purse seine","PRS", IF(B6="PFN pole seine","POS", IF(B6="6' RST","RST", IF(B6="PFN beach seine","BS", "FLAG")))), IF(ISBLANK(N6), CONCATENATE("-",M6), CONCATENATE("-",N6))) -> 06Apr23-RST-Night
A7: 2023 | B7: 6' RST | D7: 45035 | E7: 18:00 | F7: 45036 | G7: 09:00 | J7: Overcast | L7: ML, MDJ, JJ, AJ, TL | M7: Night | O7: Rod's | Q7: 48.5778 | R7: -124.30415 | U7: =CONCATENATE(TEXT(F7,"ddmmmyy"),"-",IF(B7="CCFS purse seine","PRS", IF(B7="PFN pole seine","POS", IF(B7="6' RST","RST", IF(B7="PFN beach seine","BS", "FLAG")))), IF(ISBLANK(N7), CONCATENATE("-",M7), CONCATENATE("-",N7))) -> 20Apr23-RST-Night
A8: 2023 | B8: 6' RST | D8: 45028 | E8: 18:00 | F8: 45029 | G8: 09:00 | J8: overcast | L8: JR, AJ, RJ | M8: Night | O8: Rod's | Q8: 48.5778 | R8: -124.30415 | U8: =CONCATENATE(TEXT(F8,"ddmmmyy"),"-",IF(B8="CCFS purse seine","PRS", IF(B8="PFN pole seine","POS", IF(B8="6' RST","RST", IF(B8="PFN beach seine","BS", "FLAG")))), IF(ISBLANK(N8), CONCATENATE("-",M8), CONCATENATE("-",N8))) -> 13Apr23-RST-Night
A9: 2023 | B9: 6' RST | D9: 45036 | E9: 19:30 | F9: 45037 | G9: 09:00 | J9: overcast | L9: JR, AJ, TL,ML | M9: Night | O9: Rod's | Q9: 48.5778 | R9: -124.30415 | U9: =CONCATENATE(TEXT(F9,"ddmmmyy"),"-",IF(B9="CCFS purse seine","PRS", IF(B9="PFN pole seine","POS", IF(B9="6' RST","RST", IF(B9="PFN beach seine","BS", "FLAG")))), IF(ISBLANK(N9), CONCATENATE("-",M9), CONCATENATE("-",N9))) -> 21Apr23-RST-Night
A10: 2023 | B10: dip net | D10: 45040 | F10: 45040 | L10: Lisa Margetish/Shane Bruinsma | O10: Hatchery tanks (tank #4) | U10: 14Apr23-HATTK-4 | V10: custom USID to link hatchery samples to sampling event (# is tank #)
A11: 2023 | B11: 6' RST | D11: 45042 | E11: 17:45 | F11: 45043 | G11: 09:05 | J11: sunny, light breeze | L11: JRAJ, AJ, RJ, TL | M11: Night | O11: Rod's | Q11: 48.5778 | R11: -124.30415 | U11: =CONCATENATE(TEXT(F11,"ddmmmyy"),"-",IF(B11="CCFS purse seine","PRS", IF(B11="PFN pole seine","POS", IF(B11="6' RST","RST", IF(B11="PFN beach seine","BS", "FLAG")))), IF(ISBLANK(N11), CONCATENATE("-",M11), CONCATENATE("-",N11))) -> 27Apr23-RST-Night
A12: 2023 | B12: 6' RST | D12: 45043 | E12: 10:55 | F12: 45043 | G12: 17:00 | J12: sunny, light breeze | L12: JRAJ, AJ RJ, TL | M12: Day | O12: Rod's | Q12: 48.5778 | R12: -124.30415 | U12: =CONCATENATE(TEXT(F12,"ddmmmyy"),"-",IF(B12="CCFS purse seine","PRS", IF(B12="PFN pole seine","POS", IF(B12="6' RST","RST", IF(B12="PFN beach seine","BS", "FLAG")))), IF(ISBLANK(N12), CONCATENATE("-",M12), CONCATENATE("-",N12))) -> 27Apr23-RST-Day
A13: 2023 | B13: 6' RST | D13: 45043 | E13: 18:00 | F13: 45044 | G13: 08:35 | J13: sunny, no wind | L13: JRAJ, AJ RJ, TL | M13: Night | O13: Rod's | Q13: 48.5778 | R13: -124.30415 | U13: =CONCATENATE(TEXT(F13,"ddmmmyy"),"-",IF(B13="CCFS purse seine","PRS", IF(B13="PFN pole seine","POS", IF(B13="6' RST","RST", IF(B13="PFN beach seine","BS", "FLAG")))), IF(ISBLANK(N13), CONCATENATE("-",M13), CONCATENATE("-",N13))) -> 28Apr23-RST-Night
A14: 2023 | B14: 6' RST | D14: 45050 | E14: 16:30 | F14: 45051 | G14: 09:00 | J14: Raining | L14: RJ, JJ, AJ, TL | M14: Night | O14: Rod's | Q14: 48.5778 | R14: -124.30415 | U14: =CONCATENATE(TEXT(F14,"ddmmmyy"),"-",IF(B14="CCFS purse seine","PRS", IF(B14="PFN pole seine","POS", IF(B14="6' RST","RST", IF(B14="PFN beach seine","BS", "FLAG")))), IF(ISBLANK(N14), CONCATENATE("-",M14), CONCATENATE("-",N14))) -> 05May23-RST-Night
A15: 2023 | B15: PFN pole seine | D15: 45051 | E15: 10:15 | F15: 45051 | G15: 10:12 | J15: light rain | L15: JRAJ, RJ, AJ, TL, KD | N15: 1 | O15: Rod's drainage ditch | Q15: 48.577906 | R15: -124.3041 | U15: =CONCATENATE(TEXT(F15,"ddmmmyy"),"-",IF(B15="CCFS purse seine","PRS", IF(B15="PFN pole seine","POS", IF(B15="6' RST","RST", IF(B15="PFN beach seine","BS", "FLAG")))), IF(ISBLANK(N15), CONCATENATE("-",M15), CONCATENATE("-",N15))) -> 05May23-POS-1 | V15: lat/long are estimates from Google Earth
A16: 2023 | B16: 6' RST | D16: 45056 | E16: 16:10 | F16: 45057 | G16: 09:05 | J16: sunny, clear | L16: JRAJ, MDJ, TL, AJ | M16: Night | O16: Rod's | Q16: 48.5778 | R16: -124.30415 | U16: =CONCATENATE(TEXT(F16,"ddmmmyy"),"-",IF(B16="CCFS purse seine","PRS", IF(B16="PFN pole seine","POS", IF(B16="6' RST","RST", IF(B16="PFN beach seine","BS", "FLAG")))), IF(ISBLANK(N16), CONCATENATE("-",M16), CONCATENATE("-",N16))) -> 11May23-RST-Night
A17: 2023 | B17: dip net | D17: 45072 | F17: 45072 | L17: Lisa Margetish/Shane Bruinsma | O17: Hatchery sea pen | Q17: 48.547679 | R17: -124.43926 | U17: 26May23-HATSP-1 | V17: custom USID to link hatchery samples to sampling event
A18: 2023 | B18: 6' RST | D18: 45078 | E18: 16:45 | F18: 45079 | G18: 09:10 | J18: sunny, clear | L18: JRAJ | M18: Night | O18: Rod's | Q18: 48.5778 | R18: -124.30415 | U18: =CONCATENATE(TEXT(F18,"ddmmmyy"),"-",IF(B18="CCFS purse seine","PRS", IF(B18="PFN pole seine","POS", IF(B18="6' RST","RST", IF(B18="PFN beach seine","BS", "FLAG")))), IF(ISBLANK(N18), CONCATENATE("-",M18), CONCATENATE("-",N18))) -> 02Jun23-RST-Night
A19: 2023 | B19: dip net | D19: 45079 | O19: Hatchery lake pens in Fairy Lake/SJ confl | Q19: 48.581622 | R19: -124.34157 | U19: 02Jun23-HATLP-1 | V19: custom USID to link hatchery samples to sampling event
A20: 2023 | B20: 6' RST | D20: 45084 | E20: 16:10 | F20: 45085 | G20: 09:15 | J20: sunny, windy | L20: JRAJ, MDJ, AJ, TL, CM | M20: Night | O20: Rod's | Q20: 48.5778 | R20: -124.30415 | U20: =CONCATENATE(TEXT(F20,"ddmmmyy"),"-",IF(B20="CCFS purse seine","PRS", IF(B20="PFN pole seine","POS", IF(B20="6' RST","RST", IF(B20="PFN beach seine","BS", "FLAG")))), IF(ISBLANK(N20), CONCATENATE("-",M20), CONCATENATE("-",N20))) -> 08Jun23-RST-Night
A21: 2023 | B21: 6' RST | D21: 45085 | E21: 15:35 | F21: 45086 | G21: 09:00 | J21: light rain | L21: JRAJ, MDJ, TL, CM | M21: Night | O21: Rod's | Q21: 48.5778 | R21: -124.30415 | U21: =CONCATENATE(TEXT(F21,"ddmmmyy"),"-",IF(B21="CCFS purse seine","PRS", IF(B21="PFN pole seine","POS", IF(B21="6' RST","RST", IF(B21="PFN beach seine","BS", "FLAG")))), IF(ISBLANK(N21), CONCATENATE("-",M21), CONCATENATE("-",N21))) -> 09Jun23-RST-Night
A22: 2023 | B22: dip net | D22: 45089 | F22: 45089 | L22: LM, SB | O22: Hatchery sea pen | Q22: 48.547679 | R22: -124.43926 | U22: 12Jun23-HATSP-1 | V22: custom USID to link hatchery samples to sampling event
A23: 2023 | B23: 6' RST | D23: 45091 | E23: 16:30 | F23: 45092 | G23: 08:45 | L23: JRAJ, MDJ, TL, CM | M23: Night | O23: Rod's | Q23: 48.5778 | R23: -124.30415 | U23: =CONCATENATE(TEXT(F23,"ddmmmyy"),"-",IF(B23="CCFS purse seine","PRS", IF(B23="PFN pole seine","POS", IF(B23="6' RST","RST", IF(B23="PFN beach seine","BS", "FLAG")))), IF(ISBLANK(N23), CONCATENATE("-",M23), CONCATENATE("-",N23))) -> 15Jun23-RST-Night
A24: 2023 | B24: 6' RST | D24: 45092 | E24: 15:37 | F24: 45093 | G24: 08:52 | J24: heavy fog | L24: JRAJ, AJ, TL, Mya | M24: Night | O24: Rod's | Q24: 48.5778 | R24: -124.30415 | U24: =CONCATENATE(TEXT(F24,"ddmmmyy"),"-",IF(B24="CCFS purse seine","PRS", IF(B24="PFN pole seine","POS", IF(B24="6' RST","RST", IF(B24="PFN beach seine","BS", "FLAG")))), IF(ISBLANK(N24), CONCATENATE("-",M24), CONCATENATE("-",N24))) -> 16Jun23-RST-Night
A25: 2023 | B25: PFN beach seine | D25: 45092 | F25: 45092 | H25: PFN BS boat | I25: 11:00 | L25: CM, JRAJ, AJ, TL | N25: 1 | O25: FLBS01 - San Juan @ Fairy Lake confl | P25: FLBS01 | Q25: 48.58176 | R25: -124.34077 | U25: =CONCATENATE(TEXT(F25,"ddmmmyy"),"-",IF(B25="CCFS purse seine","PRS", IF(B25="PFN pole seine","POS", IF(B25="6' RST","RST", IF(B25="PFN beach seine","BS", "FLAG")))), IF(ISBLANK(N25), CONCATENATE("-",M25), CONCATENATE("-",N25))) -> 15Jun23-BS-1 | V25: Set 1 was for enumeration with Pacheedaht - data stored in PFN database
A26: 2023 | B26: PFN beach seine | D26: 45092 | F26: 45092 | H26: PFN BS boat | I26: 11:00 | L26: CM, JRAJ, AJ, TL | N26: 2 | O26: FLBS01 - San Juan @ Fairy Lake confl | P26: FLBS01 | Q26: 48.58176 | R26: -124.34077 | U26: =CONCATENATE(TEXT(F26,"ddmmmyy"),"-",IF(B26="CCFS purse seine","PRS", IF(B26="PFN pole seine","POS", IF(B26="6' RST","RST", IF(B26="PFN beach seine","BS", "FLAG")))), IF(ISBLANK(N26), CONCATENATE("-",M26), CONCATENATE("-",N26))) -> 15Jun23-BS-2 | V26: Sets 2 and 3 for chinook samples so not fully enumerated apart from 15 coho fry and 2 coho smolts in set #2
A27: 2023 | B27: PFN beach seine | D27: 45092 | F27: 45092 | H27: PFN BS boat | I27: 11:00 | L27: CM, JRAJ, AJ, TL | N27: 3 | O27: FLBS01 - San Juan @ Fairy Lake confl | P27: FLBS01 | Q27: 48.58176 | R27: -124.34077 | U27: =CONCATENATE(TEXT(F27,"ddmmmyy"),"-",IF(B27="CCFS purse seine","PRS", IF(B27="PFN pole seine","POS", IF(B27="6' RST","RST", IF(B27="PFN beach seine","BS", "FLAG")))), IF(ISBLANK(N27), CONCATENATE("-",M27), CONCATENATE("-",N27))) -> 15Jun23-BS-3
A28: 2023 | B28: PFN beach seine | D28: 45093 | E28: 11:30 | F28: 45093 | G28: 11:35 | H28: PFN BS boat | I28: 11:00 | J28: rainy | L28: JRAJ, AJ, TL, KD | N28: 1 | O28: BS24 - WCT head Gordon River | P28: BS24 | Q28: 48.576744 | R28: -124.41629 | U28: =CONCATENATE(TEXT(F28,"ddmmmyy"),"-",IF(B28="CCFS purse seine","PRS", IF(B28="PFN pole seine","POS", IF(B28="6' RST","RST", IF(B28="PFN beach seine","BS", "FLAG")))), IF(ISBLANK(N28), CONCATENATE("-",M28), CONCATENATE("-",N28))) -> 16Jun23-BS-1
A29: 2023 | B29: PFN beach seine | D29: 45093 | E29: 12:50 | F29: 45093 | G29: 12:54 | H29: PFN BS boat | I29: 11:00 | J29: rainy | L29: JRAJ, AJ, TL, KD | N29: 2 | O29: BS07 - near boat launch Gordon River. Butch's in PFN database. | P29: BS07 | Q29: 48.578887 | R29: -124.41334 | U29: =CONCATENATE(TEXT(F29,"ddmmmyy"),"-",IF(B29="CCFS purse seine","PRS", IF(B29="PFN pole seine","POS", IF(B29="6' RST","RST", IF(B29="PFN beach seine","BS", "FLAG")))), IF(ISBLANK(N29), CONCATENATE("-",M29), CONCATENATE("-",N29))) -> 16Jun23-BS-2 | V29: no salmon caught
A30: 2023 | B30: PFN beach seine | D30: 45093 | E30: 13:05 | F30: 45093 | G30: 13:10 | H30: PFN BS boat | I30: 11:00 | J30: rainy | L30: JRAJ, AJ, TL, KD | N30: 3 | O30: BS24 - WCT head Gordon River | P30: BS24 | Q30: 48.576744 | R30: -124.41629 | U30: =CONCATENATE(TEXT(F30,"ddmmmyy"),"-",IF(B30="CCFS purse seine","PRS", IF(B30="PFN pole seine","POS", IF(B30="6' RST","RST", IF(B30="PFN beach seine","BS", "FLAG")))), IF(ISBLANK(N30), CONCATENATE("-",M30), CONCATENATE("-",N30))) -> 16Jun23-BS-3
A31: 2023 | B31: Mini purse seine | C31: CCFS mini purse seine net | D31: 45105 | E31: 09:32 | F31: 45105 | G31: 09:45 | H31: Warriors Three | I31: 09:30 | J31: sunny, windy, very warm | L31: KD, JJ, MDJ, TL, JRAJ, AJ | N31: 1 | O31: Breakwater at PGM | P31: PGM | Q31: 48.55775 | R31: -124.41442 | U31: =CONCATENATE(TEXT(F31,"ddmmmyy"),"-",IF(B31="Mini purse seine","PRS", IF(B31="PFN pole seine","POS", IF(B31="6' RST","RST", IF(B31="PFN beach seine","BS", IF(B31="IPT", "IPT", "FLAG"))))), IF(ISBLANK(N31), CONCATENATE("-",M31), CONCATENATE("-",P31,"-",N31))) -> 28Jun23-PRS-PGM-1 | V31: first set, bit tangled but good. Waypoint on Katie's phone Navionics.
A32: 2023 | B32: Mini purse seine | C32: CCFS mini purse seine net | D32: 45105 | E32: 10:28 | F32: 45105 | G32: 10:35 | H32: Warriors Three | I32: 09:30 | J32: sunny, windy, very warm | L32: KD, JJ, MDJ, TL, JRAJ, AJ | N32: 2 | O32: Govt/community wharf PRCD | P32: PRCD | Q32: 48.55597 | R32: -124.42198 | U32: =CONCATENATE(TEXT(F32,"ddmmmyy"),"-",IF(B32="Mini purse seine","PRS", IF(B32="PFN pole seine","POS", IF(B32="6' RST","RST", IF(B32="PFN beach seine","BS", IF(B32="IPT", "IPT", "FLAG"))))), IF(ISBLANK(N32), CONCATENATE("-",M32), CONCATENATE("-",P32,"-",N32))) -> 28Jun23-PRS-PRCD-2 | V32: coarse mesh snagged on boat during set. Waypoint on Katie's phone Gaia.
A33: 2023 | B33: Mini purse seine | C33: CCFS mini purse seine net | D33: 45105 | E33: 11:35 | F33: 45105 | G33: 11:41 | H33: Warriors Three | I33: 09:30 | J33: sunny, windy, very warm | L33: KD, JJ, MDJ, TL, JRAJ, AJ | N33: 3 | O33: Mill Bay/BBR | P33: Mill Bay | Q33: 48.549444 | R33: -124.43972 | U33: =CONCATENATE(TEXT(F33,"ddmmmyy"),"-",IF(B33="Mini purse seine","PRS", IF(B33="PFN pole seine","POS", IF(B33="6' RST","RST", IF(B33="PFN beach seine","BS", IF(B33="IPT", "IPT", "FLAG"))))), IF(ISBLANK(N33), CONCATENATE("-",M33), CONCATENATE("-",P33,"-",N33))) -> 28Jun23-PRS-Mill Bay-3 | V33: net tangled when deployed. Started doing waypoints on PFN tablet Avenza. Nothing caught.
A34: 2023 | B34: Mini purse seine | C34: CCFS mini purse seine net | D34: 45105 | E34: 12:02 | F34: 45105 | G34: 12:15 | H34: Warriors Three | I34: 09:30 | J34: sunny, windy, very warm | L34: KD, JJ, MDJ, TL, JRAJ, AJ | N34: 4 | O34: Thrasher Cove | P34: Thrasher | Q34: 48.55644 | R34: -124.46642 | U34: =CONCATENATE(TEXT(F34,"ddmmmyy"),"-",IF(B34="Mini purse seine","PRS", IF(B34="PFN pole seine","POS", IF(B34="6' RST","RST", IF(B34="PFN beach seine","BS", IF(B34="IPT", "IPT", "FLAG"))))), IF(ISBLANK(N34), CONCATENATE("-",M34), CONCATENATE("-",P34,"-",N34))) -> 28Jun23-PRS-Thrasher-4 | V34: tangled set
A35: 2023 | B35: Mini purse seine | C35: CCFS mini purse seine net | D35: 45105 | E35: 13:36 | F35: 45105 | G35: 13:43 | H35: Warriors Three | I35: 09:30 | J35: sunny, windy, very warm | L35: KD, JJ, MDJ, TL, JRAJ, AJ | N35: 5 | O35: Jap rock | P35: Jap Rock | Q35: 48.564722 | R35: -124.44083 | U35: =CONCATENATE(TEXT(F35,"ddmmmyy"),"-",IF(B35="Mini purse seine","PRS", IF(B35="PFN pole seine","POS", IF(B35="6' RST","RST", IF(B35="PFN beach seine","BS", IF(B35="IPT", "IPT", "FLAG"))))), IF(ISBLANK(N35), CONCATENATE("-",M35), CONCATENATE("-",P35,"-",N35))) -> 28Jun23-PRS-Jap Rock-5
A36: 2023 | B36: Mini purse seine | C36: CCFS mini purse seine net | D36: 45114 | E36: 09:22 | F36: 45114 | G36: 09:29 | H36: Warriors Three | I36: 09:15 | J36: overcast, choppy | L36: CM, pfn crew? | N36: 1 | P36: Gordon R | Q36: 48.567361 | R36: -124.42908 | U36: =CONCATENATE(TEXT(F36,"ddmmmyy"),"-",IF(B36="Mini purse seine","PRS", IF(B36="PFN pole seine","POS", IF(B36="6' RST","RST", IF(B36="PFN beach seine","BS", IF(B36="IPT", "IPT", "FLAG"))))), IF(ISBLANK(N36), CONCATENATE("-",M36), CONCATENATE("-",P36,"-",N36))) -> 07Jul23-PRS-Gordon R-1 | V36: net was backwards, no fish. No coeanography.
A37: 2023 | B37: Mini purse seine | C37: CCFS mini purse seine net | D37: 45114 | E37: 09:35 | F37: 45114 | G37: 09:44 | H37: Warriors Three | I37: 09:15 | J37: overcast, choppy | L37: CM, pfn crew? | N37: 2 | P37: Gordon R | Q37: 48.566753 | R37: -124.43136 | U37: =CONCATENATE(TEXT(F37,"ddmmmyy"),"-",IF(B37="Mini purse seine","PRS", IF(B37="PFN pole seine","POS", IF(B37="6' RST","RST", IF(B37="PFN beach seine","BS", IF(B37="IPT", "IPT", "FLAG"))))), IF(ISBLANK(N37), CONCATENATE("-",M37), CONCATENATE("-",P37,"-",N37))) -> 07Jul23-PRS-Gordon R-2 | V37: always setting 30ft or deeper
A38: 2023 | B38: Mini purse seine | C38: CCFS mini purse seine net | D38: 45114 | E38: 10:28 | F38: 45114 | G38: 10:38 | H38: Warriors Three | I38: 09:15 | J38: overcast, choppy | L38: CM, pfn crew? | N38: 3 | O38: Jap rock | P38: Jap Rock | Q38: 48.564944 | R38: -124.44083 | U38: =CONCATENATE(TEXT(F38,"ddmmmyy"),"-",IF(B38="Mini purse seine","PRS", IF(B38="PFN pole seine","POS", IF(B38="6' RST","RST", IF(B38="PFN beach seine","BS", IF(B38="IPT", "IPT", "FLAG"))))), IF(ISBLANK(N38), CONCATENATE("-",M38), CONCATENATE("-",P38,"-",N38))) -> 07Jul23-PRS-Jap Rock-3
A39: 2023 | B39: Mini purse seine | C39: CCFS mini purse seine net | D39: 45114 | E39: 11:19 | F39: 45114 | G39: 11:27 | H39: Warriors Three | I39: 09:15 | J39: overcast, choppy | L39: CM, pfn crew? | N39: 4 | O39: Thrasher Cove | P39: Thrasher | Q39: 48.554111 | R39: -124.46956 | U39: =CONCATENATE(TEXT(F39,"ddmmmyy"),"-",IF(B39="Mini purse seine","PRS", IF(B39="PFN pole seine","POS", IF(B39="6' RST","RST", IF(B39="PFN beach seine","BS", IF(B39="IPT", "IPT", "FLAG"))))), IF(ISBLANK(N39), CONCATENATE("-",M39), CONCATENATE("-",P39,"-",N39))) -> 07Jul23-PRS-Thrasher-4
A40: 2023 | B40: Mini purse seine | C40: CCFS mini purse seine net | D40: 45114 | E40: 12:07 | F40: 45114 | G40: 12:15 | H40: Warriors Three | I40: 09:15 | J40: overcast, choppy | L40: CM, pfn crew? | N40: 5 | O40: Mill Bay/BBR | P40: Mill Bay | Q40: 48.549444 | R40: -124.43972 | U40: =CONCATENATE(TEXT(F40,"ddmmmyy"),"-",IF(B40="Mini purse seine","PRS", IF(B40="PFN pole seine","POS", IF(B40="6' RST","RST", IF(B40="PFN beach seine","BS", IF(B40="IPT", "IPT", "FLAG"))))), IF(ISBLANK(N40), CONCATENATE("-",M40), CONCATENATE("-",P40,"-",N40))) -> 07Jul23-PRS-Mill Bay-5 | V40: set not fully enumerated
A41: 2023 | B41: Mini purse seine | C41: CCFS mini purse seine net | D41: 45114 | E41: 13:00 | F41: 45114 | G41: 13:08 | H41: Warriors Three | I41: 09:15 | J41: overcast, choppy | L41: CM, pfn crew? | N41: 6 | O41: Govt/community wharf PRCD | P41: PRCD | Q41: 48.55575 | R41: -124.42256 | U41: =CONCATENATE(TEXT(F41,"ddmmmyy"),"-",IF(B41="Mini purse seine","PRS", IF(B41="PFN pole seine","POS", IF(B41="6' RST","RST", IF(B41="PFN beach seine","BS", IF(B41="IPT", "IPT", "FLAG"))))), IF(ISBLANK(N41), CONCATENATE("-",M41), CONCATENATE("-",P41,"-",N41))) -> 07Jul23-PRS-PRCD-6 | V41: windy
A42: 2023 | B42: Mini purse seine | C42: CCFS mini purse seine net | D42: 45114 | E42: 13:48 | F42: 45114 | G42: 13:55 | H42: Warriors Three | I42: 09:15 | J42: overcast, choppy | L42: CM, pfn crew? | N42: 7 | O42: Offshore A | P42: Offshore A | Q42: 48.562778 | R42: -124.42722 | U42: =CONCATENATE(TEXT(F42,"ddmmmyy"),"-",IF(B42="Mini purse seine","PRS", IF(B42="PFN pole seine","POS", IF(B42="6' RST","RST", IF(B42="PFN beach seine","BS", IF(B42="IPT", "IPT", "FLAG"))))), IF(ISBLANK(N42), CONCATENATE("-",M42), CONCATENATE("-",P42,"-",N42))) -> 07Jul23-PRS-Offshore A-7
A43: 2023 | B43: Mini purse seine | C43: CCFS mini purse seine net | D43: 45127 | E43: 9:45 | F43: 45127 | G43: 09:50 | H43: Warriors Three | I43: 09:00 | L43: JJ, JRAJ, MDJ, TL, CM | N43: 1 | O43: Govt/community wharf PRCD | P43: PRCD | Q43: 48.55575 | R43: -124.42256 | U43: =CONCATENATE(TEXT(F43,"ddmmmyy"),"-",IF(B43="Mini purse seine","PRS", IF(B43="PFN pole seine","POS", IF(B43="6' RST","RST", IF(B43="PFN beach seine","BS", IF(B43="IPT", "IPT", "FLAG"))))), IF(ISBLANK(N43), CONCATENATE("-",M43), CONCATENATE("-",P43,"-",N43))) -> 20Jul23-PRS-PRCD-1
A44: 2023 | B44: Mini purse seine | C44: CCFS mini purse seine net | D44: 45127 | E44: 11:00 | F44: 45127 | G44: 11:05 | H44: Warriors Three | I44: 09:00 | L44: JJ, JRAJ, MDJ, TL, CM | N44: 2 | O44: Offshore A | P44: Offshore A | Q44: 48.562778 | R44: -124.42722 | U44: =CONCATENATE(TEXT(F44,"ddmmmyy"),"-",IF(B44="Mini purse seine","PRS", IF(B44="PFN pole seine","POS", IF(B44="6' RST","RST", IF(B44="PFN beach seine","BS", IF(B44="IPT", "IPT", "FLAG"))))), IF(ISBLANK(N44), CONCATENATE("-",M44), CONCATENATE("-",P44,"-",N44))) -> 20Jul23-PRS-Offshore A-2
A45: 2023 | B45: Mini purse seine | C45: CCFS mini purse seine net | D45: 45127 | E45: 11:36 | F45: 45127 | G45: 11:41 | H45: Warriors Three | I45: 09:00 | L45: JJ, JRAJ, MDJ, TL, CM | N45: 3 | O45: PSJ | P45: Offshore B | Q45: 48.545948 | R45: -124.4614 | U45: =CONCATENATE(TEXT(F45,"ddmmmyy"),"-",IF(B45="Mini purse seine","PRS", IF(B45="PFN pole seine","POS", IF(B45="6' RST","RST", IF(B45="PFN beach seine","BS", IF(B45="IPT", "IPT", "FLAG"))))), IF(ISBLANK(N45), CONCATENATE("-",M45), CONCATENATE("-",P45,"-",N45))) -> 20Jul23-PRS-Offshore B-3 | V45: set not fully enumerated. Was waiting to hear back from helen/jeff, but know PSJ was early name for offshore B
A46: 2023 | B46: Mini purse seine | C46: CCFS mini purse seine net | D46: 45127 | E46: 12:23 | F46: 45127 | G46: 12:29 | H46: Warriors Three | I46: 09:00 | L46: JJ, JRAJ, MDJ, TL, CM | N46: 4 | O46: Thrasher Cove | P46: Thrasher | Q46: 48.55644 | R46: -124.46642 | U46: =CONCATENATE(TEXT(F46,"ddmmmyy"),"-",IF(B46="Mini purse seine","PRS", IF(B46="PFN pole seine","POS", IF(B46="6' RST","RST", IF(B46="PFN beach seine","BS", IF(B46="IPT", "IPT", "FLAG"))))), IF(ISBLANK(N46), CONCATENATE("-",M46), CONCATENATE("-",P46,"-",N46))) -> 20Jul23-PRS-Thrasher-4
A47: 2023 | B47: Mini purse seine | C47: CCFS mini purse seine net | D47: 45127 | E47: 12:55 | F47: 45127 | G47: 13:00 | H47: Warriors Three | I47: 09:00 | L47: JJ, JRAJ, MDJ, TL, CM | N47: 5 | O47: New site | U47: =CONCATENATE(TEXT(F47,"ddmmmyy"),"-",IF(B47="Mini purse seine","PRS", IF(B47="PFN pole seine","POS", IF(B47="6' RST","RST", IF(B47="PFN beach seine","BS", IF(B47="IPT", "IPT", "FLAG"))))), IF(ISBLANK(N47), CONCATENATE("-",M47), CONCATENATE("-",P47,"-",N47))) -> 20Jul23-PRS--5 | V47: No GPS coords provided.
A48: 2023 | B48: Mini purse seine | C48: CCFS mini purse seine net | D48: 45147 | E48: 09:09 | F48: 45147 | G48: 09:14 | H48: Warriors Three | I48: 09:00 | L48: AJ, TL,MDJ, JJ, KD, JRAJ | N48: 1 | O48: Govt/community wharf PRCD | P48: PRCD | Q48: 48.55575 | R48: -124.42256 | U48: =CONCATENATE(TEXT(F48,"ddmmmyy"),"-",IF(B48="Mini purse seine","PRS", IF(B48="PFN pole seine","POS", IF(B48="6' RST","RST", IF(B48="PFN beach seine","BS", IF(B48="IPT", "IPT", "FLAG"))))), IF(ISBLANK(N48), CONCATENATE("-",M48), CONCATENATE("-",P48,"-",N48))) -> 09Aug23-PRS-PRCD-1 | V48: Net caught in prop and ripped
A49: 2023 | B49: Mini purse seine | C49: CCFS mini purse seine net | D49: 45147 | E49: 10:55 | F49: 45147 | G49: 10:59 | H49: Warriors Three | I49: 09:00 | L49: AJ, TL,MDJ, JJ, KD, JRAJ | N49: 2 | O49: Mill Bay/BBR | P49: Mill Bay | Q49: 48.549444 | R49: -124.43972 | U49: =CONCATENATE(TEXT(F49,"ddmmmyy"),"-",IF(B49="Mini purse seine","PRS", IF(B49="PFN pole seine","POS", IF(B49="6' RST","RST", IF(B49="PFN beach seine","BS", IF(B49="IPT", "IPT", "FLAG"))))), IF(ISBLANK(N49), CONCATENATE("-",M49), CONCATENATE("-",P49,"-",N49))) -> 09Aug23-PRS-Mill Bay-2
A50: 2023 | B50: Mini purse seine | C50: CCFS mini purse seine net | D50: 45147 | E50: 11:15 | F50: 45147 | G50: 11:21 | H50: Warriors Three | I50: 09:00 | L50: AJ, TL,MDJ, JJ, KD, JRAJ | N50: 3 | O50: PSJ | P50: Offshore B | Q50: 48.549075 | R50: -124.45571 | U50: =CONCATENATE(TEXT(F50,"ddmmmyy"),"-",IF(B50="Mini purse seine","PRS", IF(B50="PFN pole seine","POS", IF(B50="6' RST","RST", IF(B50="PFN beach seine","BS", IF(B50="IPT", "IPT", "FLAG"))))), IF(ISBLANK(N50), CONCATENATE("-",M50), CONCATENATE("-",P50,"-",N50))) -> 09Aug23-PRS-Offshore B-3
A51: 2023 | B51: Mini purse seine | C51: CCFS mini purse seine net | D51: 45147 | E51: 11:37 | F51: 45147 | G51: 11:46 | H51: Warriors Three | I51: 09:00 | L51: AJ, TL,MDJ, JJ, KD, JRAJ | N51: 4 | O51: Thrasher Cove | P51: Thrasher | Q51: 48.55644 | R51: -124.46642 | U51: =CONCATENATE(TEXT(F51,"ddmmmyy"),"-",IF(B51="Mini purse seine","PRS", IF(B51="PFN pole seine","POS", IF(B51="6' RST","RST", IF(B51="PFN beach seine","BS", IF(B51="IPT", "IPT", "FLAG"))))), IF(ISBLANK(N51), CONCATENATE("-",M51), CONCATENATE("-",P51,"-",N51))) -> 09Aug23-PRS-Thrasher-4
A52: 2023 | B52: Mini purse seine | C52: CCFS mini purse seine net | D52: 45147 | E52: 12:19 | F52: 45147 | G52: 12:25 | H52: Warriors Three | I52: 09:00 | L52: AJ, TL,MDJ, JJ, KD, JRAJ | N52: 5 | O52: Jap rock | P52: Jap Rock | Q52: 48.564722 | R52: -124.44083 | U52: =CONCATENATE(TEXT(F52,"ddmmmyy"),"-",IF(B52="Mini purse seine","PRS", IF(B52="PFN pole seine","POS", IF(B52="6' RST","RST", IF(B52="PFN beach seine","BS", IF(B52="IPT", "IPT", "FLAG"))))), IF(ISBLANK(N52), CONCATENATE("-",M52), CONCATENATE("-",P52,"-",N52))) -> 09Aug23-PRS-Jap Rock-5
A53: 2023 | B53: Mini purse seine | C53: CCFS mini purse seine net | D53: 45161 | E53: 09:49 | F53: 45161 | G53: 09:55 | H53: Warriors Three | I53: 0.39305556 | L53: Izzy Atchison, JJ, MDJ, KD | N53: 1 | O53: Jap rock | P53: Jap Rock | Q53: 48.564722 | R53: -124.44083 | U53: =CONCATENATE(TEXT(F53,"ddmmmyy"),"-",IF(B53="Mini purse seine","PRS", IF(B53="PFN pole seine","POS", IF(B53="6' RST","RST", IF(B53="PFN beach seine","BS", IF(B53="IPT", "IPT", "FLAG"))))), IF(ISBLANK(N53), CONCATENATE("-",M53), CONCATENATE("-",P53,"-",N53))) -> 23Aug23-PRS-Jap Rock-1
A54: 2023 | B54: Mini purse seine | C54: CCFS mini purse seine net | D54: 45161 | E54: 10:55 | F54: 45161 | G54: 11:01 | H54: Warriors Three | I54: 0.39305556 | L54: Izzy Atchison, JJ, MDJ, KD | N54: 2 | O54: Thrasher Cove | P54: Thrasher | Q54: 48.554111 | R54: -124.46956 | U54: =CONCATENATE(TEXT(F54,"ddmmmyy"),"-",IF(B54="Mini purse seine","PRS", IF(B54="PFN pole seine","POS", IF(B54="6' RST","RST", IF(B54="PFN beach seine","BS", IF(B54="IPT", "IPT", "FLAG"))))), IF(ISBLANK(N54), CONCATENATE("-",M54), CONCATENATE("-",P54,"-",N54))) -> 23Aug23-PRS-Thrasher-2
A55: 2023 | B55: Mini purse seine | C55: CCFS mini purse seine net | D55: 45161 | E55: 11:37 | F55: 45161 | G55: 11:45 | H55: Warriors Three | I55: 0.39305556 | L55: Izzy Atchison, JJ, MDJ, KD | N55: 3 | O55: Mill Bay/BBR | P55: Mill Bay | Q55: 48.549444 | R55: -124.43972 | U55: =CONCATENATE(TEXT(F55,"ddmmmyy"),"-",IF(B55="Mini purse seine","PRS", IF(B55="PFN pole seine","POS", IF(B55="6' RST","RST", IF(B55="PFN beach seine","BS", IF(B55="IPT", "IPT", "FLAG"))))), IF(ISBLANK(N55), CONCATENATE("-",M55), CONCATENATE("-",P55,"-",N55))) -> 23Aug23-PRS-Mill Bay-3
A56: 2023 | B56: Mini purse seine | C56: CCFS mini purse seine net | D56: 45161 | E56: 12:03 | F56: 45161 | G56: 12:10 | H56: Warriors Three | I56: 0.39305556 | L56: Izzy Atchison, JJ, MDJ, KD | N56: 4 | O56: Govt/community wharf PRCD | P56: PRCD | Q56: 48.55575 | R56: -124.42256 | U56: =CONCATENATE(TEXT(F56,"ddmmmyy"),"-",IF(B56="Mini purse seine","PRS", IF(B56="PFN pole seine","POS", IF(B56="6' RST","RST", IF(B56="PFN beach seine","BS", IF(B56="IPT", "IPT", "FLAG"))))), IF(ISBLANK(N56), CONCATENATE("-",M56), CONCATENATE("-",P56,"-",N56))) -> 23Aug23-PRS-PRCD-4
A57: 2023 | B57: Mini purse seine | C57: CCFS mini purse seine net | D57: 45161 | E57: 12:47 | F57: 45161 | G57: 12:55 | H57: Warriors Three | I57: 0.39305556 | L57: Izzy Atchison, JJ, MDJ, KD | N57: 5 | O57: Offshore A | P57: Offshore A | Q57: 48.562778 | R57: -124.42722 | U57: =CONCATENATE(TEXT(F57,"ddmmmyy"),"-",IF(B57="Mini purse seine","PRS", IF(B57="PFN pole seine","POS", IF(B57="6' RST","RST", IF(B57="PFN beach seine","BS", IF(B57="IPT", "IPT", "FLAG"))))), IF(ISBLANK(N57), CONCATENATE("-",M57), CONCATENATE("-",P57,"-",N57))) -> 23Aug23-PRS-Offshore A-5
A58: 2023 | B58: Mini purse seine | C58: CCFS mini purse seine net | D58: 45161 | E58: 13:32 | F58: 45161 | G58: 13:39 | H58: Warriors Three | I58: 0.39305556 | L58: Izzy Atchison, JJ, MDJ, KD | N58: 6 | O58: Offshore B | P58: Offshore B | Q58: 48.545948 | R58: -124.4614 | U58: =CONCATENATE(TEXT(F58,"ddmmmyy"),"-",IF(B58="Mini purse seine","PRS", IF(B58="PFN pole seine","POS", IF(B58="6' RST","RST", IF(B58="PFN beach seine","BS", IF(B58="IPT", "IPT", "FLAG"))))), IF(ISBLANK(N58), CONCATENATE("-",M58), CONCATENATE("-",P58,"-",N58))) -> 23Aug23-PRS-Offshore B-6
A59: 2023 | B59: Mini purse seine | C59: CCFS mini purse seine net | D59: 45161 | E59: 14:18 | F59: 45161 | G59: 14:26 | H59: Warriors Three | I59: 0.39305556 | L59: Izzy Atchison, JJ, MDJ, KD | N59: 7 | O59: Nearshore | P59: Nearshore | Q59: 48.564579 | R59: -124.41845 | U59: =CONCATENATE(TEXT(F59,"ddmmmyy"),"-",IF(B59="Mini purse seine","PRS", IF(B59="PFN pole seine","POS", IF(B59="6' RST","RST", IF(B59="PFN beach seine","BS", IF(B59="IPT", "IPT", "FLAG"))))), IF(ISBLANK(N59), CONCATENATE("-",M59), CONCATENATE("-",P59,"-",N59))) -> 23Aug23-PRS-Nearshore-7 | V59: Was waiting to hear back from helen/jeff, but recall a "newsite" GPS coords so put those in.
A60: 2024 | B60: IPT | D60: 45363 | E60: 12:30 | F60: 45364 | G60: 08:23 | J60: Overcast | K60: 2 - light breeze (4-6kn) | L60: Jacob Mariyah Katie jeff | M60: Day/Night | O60: Rod's | Q60: 48.5778 | R60: -124.30415 | S60: 8faf0ffd-cbb0-4eff-a156-6df148529bfd | T60: ad9db2e4-8c1d-4dcf-ba40-8d281c7610c1 | U60: =CONCATENATE(TEXT(F60,"ddmmmyy"),"-",IF(B60="CCFS purse seine","PRS", IF(B60="PFN pole seine","POS", IF(B60="6' RST","RST", IF(B60="PFN beach seine","BS", IF(B60="IPT", "IPT", "FLAG"))))), IF(ISBLANK(N60), CONCATENATE("-",M60), CONCATENATE("-",N60))) -> 13Mar24-IPT-Day/Night | V60: Install day
A61: 2024 | B61: IPT | D61: 45364 | E61: 18:35 | F61: 45365 | G61: 08:52 | J61: Sunny | K61: 1 - light air (1-3kn) | L61: RJ JJ JJ AJ MDJ | M61: Night | O61: Rod's | Q61: 48.5778 | R61: -124.30415 | S61: aac66d77-4bb5-4808-9307-c18023ff3377 | T61: c9228874-5815-4248-a70c-5c92f5e4a19a | U61: =CONCATENATE(TEXT(F61,"ddmmmyy"),"-",IF(B61="CCFS purse seine","PRS", IF(B61="PFN pole seine","POS", IF(B61="6' RST","RST", IF(B61="PFN beach seine","BS", IF(B61="IPT", "IPT", "FLAG"))))), IF(ISBLANK(N61), CONCATENATE("-",M61), CONCATENATE("-",N61))) -> 14Mar24-IPT-Night | V61: No tennis ball for recording will do in morning
A62: 2024 | B62: IPT | D62: 45365 | E62: 18:28 | F62: 45366 | G62: 08:48 | J62: Sunny | K62: 0 - calm | L62: Jacob J, Richard J, Maryiah D-J, Jeff J | M62: Night | O62: Rod's | Q62: 48.5778 | R62: -124.30415 | S62: 2594ea52-9121-495c-8a5c-448d9376b8c0 | T62: e3242aa5-63e1-4b69-a4e4-44202a22368b | U62: =CONCATENATE(TEXT(F62,"ddmmmyy"),"-",IF(B62="CCFS purse seine","PRS", IF(B62="PFN pole seine","POS", IF(B62="6' RST","RST", IF(B62="PFN beach seine","BS", IF(B62="IPT", "IPT", "FLAG"))))), IF(ISBLANK(N62), CONCATENATE("-",M62), CONCATENATE("-",N62))) -> 15Mar24-IPT-Night | V62: One seal
A63: 2024 | B63: IPT | D63: 45369 | E63: 10:06 | F63: 45369 | G63: 18:00 | J63: Sunny | K63: 0 - calm | L63: Richard Jones Mariyah Dunn-Jones | M63: Day | O63: Rod's | Q63: 48.5778 | R63: -124.30415 | S63: 85282bb4-da76-4dbd-a72e-a840a7719155 | T63: 12473359-46da-407a-98c6-ea5a2d44fe3b | U63: =CONCATENATE(TEXT(F63,"ddmmmyy"),"-",IF(B63="CCFS purse seine","PRS", IF(B63="PFN pole seine","POS", IF(B63="6' RST","RST", IF(B63="PFN beach seine","BS", IF(B63="IPT", "IPT", "FLAG"))))), IF(ISBLANK(N63), CONCATENATE("-",M63), CONCATENATE("-",N63))) -> 18Mar24-IPT-Day | V63: Distance of throw was changed, Rst sat 4m closer to the throwing spot
A64: 2024 | B64: IPT | D64: 45369 | E64: 18:09 | F64: 45370 | G64: 09:00 | M64: Night | O64: Rod's | Q64: 48.5778 | R64: -124.30415 | S64: d9519b6d-defc-4daa-b551-67b6aebdb990 | T64: 169c61d9-b79c-4a4a-9024-4ac3f345bd81 | U64: =CONCATENATE(TEXT(F64,"ddmmmyy"),"-",IF(B64="CCFS purse seine","PRS", IF(B64="PFN pole seine","POS", IF(B64="6' RST","RST", IF(B64="PFN beach seine","BS", IF(B64="IPT", "IPT", "FLAG"))))), IF(ISBLANK(N64), CONCATENATE("-",M64), CONCATENATE("-",N64))) -> 19Mar24-IPT-Night
A65: 2024 | B65: IPT | D65: 45370 | E65: 10:00 | F65: 45370 | G65: 17:35 | J65: Sunny | K65: 0 - calm | L65: Jeff Jones, Mariyah Jones, Richard Jones, Anthony Jones | M65: Day | O65: Rod's | Q65: 48.5778 | R65: -124.30415 | S65: 1f8371b0-e60f-11ee-a5d1-a95381e88dd9 | T65: 3aec2b60-e612-11ee-a37b-a7d9408a1744 | U65: =CONCATENATE(TEXT(F65,"ddmmmyy"),"-",IF(B65="CCFS purse seine","PRS", IF(B65="PFN pole seine","POS", IF(B65="6' RST","RST", IF(B65="PFN beach seine","BS", IF(B65="IPT", "IPT", "FLAG"))))), IF(ISBLANK(N65), CONCATENATE("-",M65), CONCATENATE("-",N65))) -> 19Mar24-IPT-Day
A66: 2024 | B66: IPT | D66: 45370 | E66: 18:35 | F66: 45371 | G66: 09:00 | J66: Overcast | K66: 1 - light air (1-3kn) | L66: Richard Jones, Mariyah Jones | M66: Night/Day | O66: Rod's | Q66: 48.5778 | R66: -124.30415 | S66: 94d966c0-342e-4459-815a-f53de67ccb4d | T66: f83caa2d-b7df-47bf-ac0d-5504822689d6 | U66: =CONCATENATE(TEXT(F66,"ddmmmyy"),"-",IF(B66="CCFS purse seine","PRS", IF(B66="PFN pole seine","POS", IF(B66="6' RST","RST", IF(B66="PFN beach seine","BS", IF(B66="IPT", "IPT", "FLAG"))))), IF(ISBLANK(N66), CONCATENATE("-",M66), CONCATENATE("-",N66))) -> 20Mar24-IPT-Night/Day | V66: IPT removed for RST install; RST install issues on 20-21 = no fishing.
A67: 2024 | B67: IPT | D67: 45371 | E67: 14:30 | F67: 45372 | G67: 09:00 | M67: Night | O67: Rod's | Q67: 48.5778 | R67: -124.30415 | S67: 2092f8f6-39b3-4d7d-9088-6130fcd76453 | T67: 47dac381-05f1-4a60-8bcc-8b6d170861f4 | U67: =CONCATENATE(TEXT(F67,"ddmmmyy"),"-",IF(B67="CCFS purse seine","PRS", IF(B67="PFN pole seine","POS", IF(B67="6' RST","RST", IF(B67="PFN beach seine","BS", IF(B67="IPT", "IPT", "FLAG"))))), IF(ISBLANK(N67), CONCATENATE("-",M67), CONCATENATE("-",N67))) -> 21Mar24-IPT-Night
A68: 2024 | B68: 6' RST | D68: 45376 | E68: 13:45 | F68: 45377 | G68: 08:30 | J68: Partly cloudy | K68: 1 - light air (1-3kn) | L68: RJ Jeff J | M68: Night | O68: Rod's | Q68: 48.5778 | R68: -124.30415 | S68: 775e7f61-a69f-4216-b883-1cdee40a2cac | T68: cca7a234-8d45-4b16-8157-324a632b89d8 | U68: =CONCATENATE(TEXT(F68,"ddmmmyy"),"-",IF(B68="CCFS purse seine","PRS", IF(B68="PFN pole seine","POS", IF(B68="6' RST","RST", IF(B68="PFN beach seine","BS", IF(B68="IPT", "IPT", "FLAG"))))), IF(ISBLANK(N68), CONCATENATE("-",M68), CONCATENATE("-",N68))) -> 26Mar24-RST-Night | V68: Install first day
A69: 2024 | B69: 6' RST | D69: 45377 | E69: 17:33 | F69: 45378 | G69: 08:34 | J69: Heavy rain | K69: 1 - light air (1-3kn) | L69: Rich Jeff | M69: Night | O69: Rod's | Q69: 48.5778 | R69: -124.30415 | S69: 307cfab9-7290-4347-a86e-e9514b9f7a51 | T69: 7f5f0f90-dd40-4831-8a1f-2d82116aa00d | U69: =CONCATENATE(TEXT(F69,"ddmmmyy"),"-",IF(B69="CCFS purse seine","PRS", IF(B69="PFN pole seine","POS", IF(B69="6' RST","RST", IF(B69="PFN beach seine","BS", IF(B69="IPT", "IPT", "FLAG"))))), IF(ISBLANK(N69), CONCATENATE("-",M69), CONCATENATE("-",N69))) -> 27Mar24-RST-Night | V69: Bismarck fish released at 17:43 March 26. Photo of Bismarck fish sent to group messenger group.
A70: 2024 | B70: 6' RST | D70: 45378 | E70: 17:25 | F70: 45379 | G70: 09:38 | J70: Light rain | K70: 2 - light breeze (4-6kn) | L70: Rich jones, Anthony jones | M70: Night | O70: Rod's | Q70: 48.5778 | R70: -124.30415 | S70: 270e3e20-6f0b-40a0-bc5d-49b6aed3baed | T70: 18d38119-400d-42f2-af3f-7fc489133527 | U70: =CONCATENATE(TEXT(F70,"ddmmmyy"),"-",IF(B70="CCFS purse seine","PRS", IF(B70="PFN pole seine","POS", IF(B70="6' RST","RST", IF(B70="PFN beach seine","BS", IF(B70="IPT", "IPT", "FLAG"))))), IF(ISBLANK(N70), CONCATENATE("-",M70), CONCATENATE("-",N70))) -> 28Mar24-RST-Night | V70: No fishing Mar 29/Apr 1 easter
A71: 2024 | B71: 6' RST | D71: 45384 | E71: 15:12 | F71: 45385 | G71: 09:00 | J71: Partly cloudy | K71: 2 - light breeze (4-6kn) | L71: RJ, AJ | M71: Night | O71: Rod's | Q71: 48.5778 | R71: -124.30415 | S71: 2dfd8dfe-a068-4883-87aa-4ccd635c1291 | T71: faa743be-89cb-45ca-a7da-42621e599043 | U71: =CONCATENATE(TEXT(F71,"ddmmmyy"),"-",IF(B71="CCFS purse seine","PRS", IF(B71="PFN pole seine","POS", IF(B71="6' RST","RST", IF(B71="PFN beach seine","BS", IF(B71="IPT", "IPT", "FLAG"))))), IF(ISBLANK(N71), CONCATENATE("-",M71), CONCATENATE("-",N71))) -> 03Apr24-RST-Night
A72: 2024 | B72: 6' RST | D72: 45385 | E72: 16:49 | F72: 45386 | G72: 09:00 | J72: Overcast | K72: 1 - light air (1-3kn) | L72: Jacob J, Richard J | M72: Night | O72: Rod's | Q72: 48.5778 | R72: -124.30415 | S72: ebfacc09-e0f9-444f-8332-22e0427a8ec6 | T72: bee9b0dc-e2be-4e1b-801a-3850e5378b40 | U72: =CONCATENATE(TEXT(F72,"ddmmmyy"),"-",IF(B72="CCFS purse seine","PRS", IF(B72="PFN pole seine","POS", IF(B72="6' RST","RST", IF(B72="PFN beach seine","BS", IF(B72="IPT", "IPT", "FLAG"))))), IF(ISBLANK(N72), CONCATENATE("-",M72), CONCATENATE("-",N72))) -> 04Apr24-RST-Night
A73: 2024 | B73: 6' RST | D73: 45386 | E73: 16:38 | F73: 45387 | G73: 09:00 | J73: Heavy rain | K73: 3 - gentle breeze (7-10kn) | L73: Richard Jones, Tom Levec | M73: Night | O73: Rod's | Q73: 48.5778 | R73: -124.30415 | S73: 532c0bda-e2b2-4e07-8d03-c3f8b68b3482 | T73: e9c10073-64cf-4238-94bf-f668f2a92fad | U73: =CONCATENATE(TEXT(F73,"ddmmmyy"),"-",IF(B73="CCFS purse seine","PRS", IF(B73="PFN pole seine","POS", IF(B73="6' RST","RST", IF(B73="PFN beach seine","BS", IF(B73="IPT", "IPT", "FLAG"))))), IF(ISBLANK(N73), CONCATENATE("-",M73), CONCATENATE("-",N73))) -> 05Apr24-RST-Night
A74: 2024 | B74: 6' RST | D74: 45390 | E74: 17:58 | F74: 45391 | G74: 09:00 | J74: Overcast | K74: 4 - moderate breeze (1-16kn) | L74: RJ, TL | M74: Night | O74: Rod's | Q74: 48.5778 | R74: -124.30415 | S74: 59582928-65dc-4c26-9841-40bdca994bf0 | T74: 404d3353-7636-4442-ba40-dcfba50c4518 | U74: =CONCATENATE(TEXT(F74,"ddmmmyy"),"-",IF(B74="CCFS purse seine","PRS", IF(B74="PFN pole seine","POS", IF(B74="6' RST","RST", IF(B74="PFN beach seine","BS", IF(B74="IPT", "IPT", "FLAG"))))), IF(ISBLANK(N74), CONCATENATE("-",M74), CONCATENATE("-",N74))) -> 09Apr24-RST-Night
A75: 2024 | B75: 6' RST | D75: 45391 | E75: 15:05 | F75: 45392 | G75: 09:00 | J75: Overcast | K75: 2 - light breeze (4-6kn) | L75: RJ tl | M75: Night | O75: Rod's | Q75: 48.5778 | R75: -124.30415 | S75: 605598ca-1332-4959-9f50-020e91bc6776 | T75: 487fa983-765a-4f58-8b36-9a667f8be156 | U75: =CONCATENATE(TEXT(F75,"ddmmmyy"),"-",IF(B75="CCFS purse seine","PRS", IF(B75="PFN pole seine","POS", IF(B75="6' RST","RST", IF(B75="PFN beach seine","BS", IF(B75="IPT", "IPT", "FLAG"))))), IF(ISBLANK(N75), CONCATENATE("-",M75), CONCATENATE("-",N75))) -> 10Apr24-RST-Night
A76: 2024 | B76: 6' RST | D76: 45392 | E76: 17:00 | F76: 45393 | G76: 09:00 | J76: Heavy rain | K76: 2 - light breeze (4-6kn) | L76: RJ tl | M76: Night | O76: Rod's | Q76: 48.5778 | R76: -124.30415 | S76: e23262b9-49b1-4000-b98a-55e7118c7208 | T76: 4253890d-0258-4c04-bf3c-a707dd9deef9 | U76: =CONCATENATE(TEXT(F76,"ddmmmyy"),"-",IF(B76="CCFS purse seine","PRS", IF(B76="PFN pole seine","POS", IF(B76="6' RST","RST", IF(B76="PFN beach seine","BS", IF(B76="IPT", "IPT", "FLAG"))))), IF(ISBLANK(N76), CONCATENATE("-",M76), CONCATENATE("-",N76))) -> 11Apr24-RST-Night
A77: 2024 | B77: 6' RST | D77: 45393 | E77: 17:00 | F77: 45394 | G77: 09:00 | J77: Partly cloudy | K77: 4 - moderate breeze (1-16kn) | L77: Richard Jones, Jacob Jones | M77: Night | O77: Rod's | Q77: 48.5778 | R77: -124.30415 | S77: 6b0fc6a9-2abc-42e4-8db0-b2133a142c8f | T77: 9ade5f31-de18-4958-89d0-ce6ad4728137 | U77: =CONCATENATE(TEXT(F77,"ddmmmyy"),"-",IF(B77="CCFS purse seine","PRS", IF(B77="PFN pole seine","POS", IF(B77="6' RST","RST", IF(B77="PFN beach seine","BS", IF(B77="IPT", "IPT", "FLAG"))))), IF(ISBLANK(N77), CONCATENATE("-",M77), CONCATENATE("-",N77))) -> 12Apr24-RST-Night
A78: 2024 | B78: 6' RST | D78: 45397 | E78: 17:04 | F78: 45398 | G78: 09:00 | J78: Sunny | K78: 1 - light air (1-3kn) | L78: Jraj, rj | M78: Night | O78: Rod's | Q78: 48.5778 | R78: -124.30415 | S78: 21077503-2b1e-454b-a291-c64509e37c79 | T78: 2d76e9c0-0775-4c09-9828-1fdaddca3890 | U78: =CONCATENATE(TEXT(F78,"ddmmmyy"),"-",IF(B78="CCFS purse seine","PRS", IF(B78="PFN pole seine","POS", IF(B78="6' RST","RST", IF(B78="PFN beach seine","BS", IF(B78="IPT", "IPT", "FLAG"))))), IF(ISBLANK(N78), CONCATENATE("-",M78), CONCATENATE("-",N78))) -> 16Apr24-RST-Night
A79: 2024 | B79: 6' RST | D79: 45398 | E79: 13:29 | F79: 45399 | G79: 11:40 | J79: Sunny | K79: 1 - light air (1-3kn) | L79: Jean, rj | M79: Night | O79: Rod's | Q79: 48.5778 | R79: -124.30415 | S79: 488af751-9ca8-486c-8467-6cd20fb16756 | T79: 0e018c4c-39bf-4adf-96fa-1fe65aee1281 | U79: =CONCATENATE(TEXT(F79,"ddmmmyy"),"-",IF(B79="CCFS purse seine","PRS", IF(B79="PFN pole seine","POS", IF(B79="6' RST","RST", IF(B79="PFN beach seine","BS", IF(B79="IPT", "IPT", "FLAG"))))), IF(ISBLANK(N79), CONCATENATE("-",M79), CONCATENATE("-",N79))) -> 17Apr24-RST-Night
A80: 2024 | B80: 6' RST | D80: 45399 | E80: 13:55 | F80: 45400 | G80: 12:48 | J80: Sunny | K80: 1 - light air (1-3kn) | L80: Jacob jones, Richard jones | M80: Night | O80: Rod's | Q80: 48.5778 | R80: -124.30415 | S80: 36d2a76f-fb57-4026-ab9c-b1186ec3f0fe | T80: 8acd40bd-8da1-4e25-baa9-4f49834b00a5 | U80: =CONCATENATE(TEXT(F80,"ddmmmyy"),"-",IF(B80="CCFS purse seine","PRS", IF(B80="PFN pole seine","POS", IF(B80="6' RST","RST", IF(B80="PFN beach seine","BS", IF(B80="IPT", "IPT", "FLAG"))))), IF(ISBLANK(N80), CONCATENATE("-",M80), CONCATENATE("-",N80))) -> 18Apr24-RST-Night
A81: 2024 | B81: 6' RST | D81: 45400 | E81: 12:48 | F81: 45401 | G81: 09:00 | M81: Night | O81: Rod's | Q81: 48.5778 | R81: -124.30415 | S81: 4e29976b-10d1-4e4a-81d6-5f9e3f38ab13 | T81: 57edfe07-76c2-4088-8f4f-e1b61556d574 | U81: =CONCATENATE(TEXT(F81,"ddmmmyy"),"-",IF(B81="CCFS purse seine","PRS", IF(B81="PFN pole seine","POS", IF(B81="6' RST","RST", IF(B81="PFN beach seine","BS", IF(B81="IPT", "IPT", "FLAG"))))), IF(ISBLANK(N81), CONCATENATE("-",M81), CONCATENATE("-",N81))) -> 19Apr24-RST-Night
A82: 2024 | B82: 6' RST | D82: 45404 | E82: 15:03 | F82: 45405 | G82: 09:00 | J82: Sunny | K82: 2 - light breeze (4-6kn) | L82: RJ, TL | M82: Night | O82: Rod's | Q82: 48.5778 | R82: -124.30415 | S82: 7776ea47-a63e-4908-a6d1-9c6c825ddce5 | T82: a31f038b-ec22-4334-97df-9c03ac9e20b1 | U82: =CONCATENATE(TEXT(F82,"ddmmmyy"),"-",IF(B82="CCFS purse seine","PRS", IF(B82="PFN pole seine","POS", IF(B82="6' RST","RST", IF(B82="PFN beach seine","BS", IF(B82="IPT", "IPT", "FLAG"))))), IF(ISBLANK(N82), CONCATENATE("-",M82), CONCATENATE("-",N82))) -> 23Apr24-RST-Night
A83: 2024 | B83: 6' RST | D83: 45405 | E83: 15:28 | F83: 45406 | G83: 09:00 | J83: Overcast | K83: 1 - light air (1-3kn) | L83: RJ, TL | M83: Night | O83: Rod's | Q83: 48.5778 | R83: -124.30415 | S83: ?? | U83: =CONCATENATE(TEXT(F83,"ddmmmyy"),"-",IF(B83="CCFS purse seine","PRS", IF(B83="PFN pole seine","POS", IF(B83="6' RST","RST", IF(B83="PFN beach seine","BS", IF(B83="IPT", "IPT", "FLAG"))))), IF(ISBLANK(N83), CONCATENATE("-",M83), CONCATENATE("-",N83))) -> 24Apr24-RST-Night | V83: No parent forms made, but found biosampling from this day so made up a totals page
A84: 2024 | B84: 6' RST | D84: 45406 | E84: 15:45 | F84: 45407 | G84: 09:00 | J84: Light rain | K84: 1 - light air (1-3kn) | L84: RJ, TL | M84: Night | O84: Rod's | Q84: 48.5778 | R84: -124.30415 | S84: 4fce9d49-6ca5-4fdc-8b21-713a95c831a0 | T84: cbac476b-c9ad-48f3-b080-5310b866e051 | U84: =CONCATENATE(TEXT(F84,"ddmmmyy"),"-",IF(B84="CCFS purse seine","PRS", IF(B84="PFN pole seine","POS", IF(B84="6' RST","RST", IF(B84="PFN beach seine","BS", IF(B84="IPT", "IPT", "FLAG"))))), IF(ISBLANK(N84), CONCATENATE("-",M84), CONCATENATE("-",N84))) -> 25Apr24-RST-Night | V84: We do not have a YSI, canâ€™t do any water quality tests just the temperature. 8 degrees. KD: Fish were released with bismarck today d/s of RST for Helen wondering about recaptures in beach seine, not relevant to mark-recap at RST
A85: 2024 | B85: 6' RST | D85: 45407 | E85: 15:20 | F85: 45408 | G85: 09:00 | M85: Night | O85: Rod's | Q85: 48.5778 | R85: -124.30415 | S85: 72656ec7-c450-4ee4-98da-97478e78b42b | T85: 7b146531-f6b9-4eaf-bd93-c3c1093174bf | U85: =CONCATENATE(TEXT(F85,"ddmmmyy"),"-",IF(B85="CCFS purse seine","PRS", IF(B85="PFN pole seine","POS", IF(B85="6' RST","RST", IF(B85="PFN beach seine","BS", IF(B85="IPT", "IPT", "FLAG"))))), IF(ISBLANK(N85), CONCATENATE("-",M85), CONCATENATE("-",N85))) -> 26Apr24-RST-Night | V85: No YSI
A86: 2024 | B86: 6' RST | D86: 45411 | E86: 14:50 | F86: 45412 | G86: 09:00 | J86: Overcast | K86: 2 - light breeze (4-6kn) | L86: RJ, JeffJ | M86: Night | O86: Rod's | Q86: 48.5778 | R86: -124.30415 | S86: 4677ecd4-0b6e-4c7c-b131-d895780e4a6a | T86: 40e51ca9-b19e-4850-a1ac-ebe738fe275a | U86: =CONCATENATE(TEXT(F86,"ddmmmyy"),"-",IF(B86="CCFS purse seine","PRS", IF(B86="PFN pole seine","POS", IF(B86="6' RST","RST", IF(B86="PFN beach seine","BS", IF(B86="IPT", "IPT", "FLAG"))))), IF(ISBLANK(N86), CONCATENATE("-",M86), CONCATENATE("-",N86))) -> 30Apr24-RST-Night | V86: SJ hatchery chinook fin clipped yesterday
A87: 2024 | B87: 6' RST | D87: 45412 | E87: 14:54 | F87: 45413 | G87: 09:00 | J87: Partly cloudy | K87: 1 - light air (1-3kn) | L87: RJ,AJ | M87: Night | O87: Rod's | Q87: 48.5778 | R87: -124.30415 | S87: 73d302e6-4b57-4ee4-976a-3e817bd64068 | T87: f870674e-39fa-4d05-8bd8-5a3f99908d38 | U87: =CONCATENATE(TEXT(F87,"ddmmmyy"),"-",IF(B87="CCFS purse seine","PRS", IF(B87="PFN pole seine","POS", IF(B87="6' RST","RST", IF(B87="PFN beach seine","BS", IF(B87="IPT", "IPT", "FLAG"))))), IF(ISBLANK(N87), CONCATENATE("-",M87), CONCATENATE("-",N87))) -> 01May24-RST-Night
A88: 2024 | B88: 6' RST | D88: 45413 | E88: 12:35 | F88: 45414 | G88: 09:00 | J88: Sunny | K88: 1 - light air (1-3kn) | L88: Rich Jeff | M88: Night | O88: Rod's | Q88: 48.5778 | R88: -124.30415 | S88: 8d3bea9f-74de-4bb1-b9d2-3a335a2305c4 | T88: 7740f4f9-e966-42d9-88dc-f572755aaf0a | U88: =CONCATENATE(TEXT(F88,"ddmmmyy"),"-",IF(B88="CCFS purse seine","PRS", IF(B88="PFN pole seine","POS", IF(B88="6' RST","RST", IF(B88="PFN beach seine","BS", IF(B88="IPT", "IPT", "FLAG"))))), IF(ISBLANK(N88), CONCATENATE("-",M88), CONCATENATE("-",N88))) -> 02May24-RST-Night
A89: 2024 | B89: 6' RST | D89: 45414 | E89: 12:01 | F89: 45415 | G89: 08:38 | J89: Overcast | K89: 0 - calm | L89: RJ, AJ | M89: Night | O89: Rod's | Q89: 48.5778 | R89: -124.30415 | S89: fddf78b0-91f8-4b72-a576-92e60d108b9d | T89: 9264e2aa-4cb4-4082-8216-41909c09f088 | U89: =CONCATENATE(TEXT(F89,"ddmmmyy"),"-",IF(B89="CCFS purse seine","PRS", IF(B89="PFN pole seine","POS", IF(B89="6' RST","RST", IF(B89="PFN beach seine","BS", IF(B89="IPT", "IPT", "FLAG"))))), IF(ISBLANK(N89), CONCATENATE("-",M89), CONCATENATE("-",N89))) -> 03May24-RST-Night
A90: 2024 | B90: 6' RST | D90: 45418 | E90: 15:10 | F90: 45419 | G90: 09:31 | J90: Sunny | K90: 1 - light air (1-3kn) | L90: RJ, TL | M90: Night | O90: Rod's | Q90: 48.5778 | R90: -124.30415 | S90: 11f1f65e-f779-418d-bfb7-164692b5dbf9 | T90: 1a4a6f2f-867e-4efb-8fe1-dc25b431c076 | U90: =CONCATENATE(TEXT(F90,"ddmmmyy"),"-",IF(B90="CCFS purse seine","PRS", IF(B90="PFN pole seine","POS", IF(B90="6' RST","RST", IF(B90="PFN beach seine","BS", IF(B90="IPT", "IPT", "FLAG"))))), IF(ISBLANK(N90), CONCATENATE("-",M90), CONCATENATE("-",N90))) -> 07May24-RST-Night
A91: 2024 | B91: 6' RST | D91: 45419 | E91: 14:02 | F91: 45420 | G91: 09:30 | J91: Sunny | K91: 1 - light air (1-3kn) | L91: RJ, TL | M91: Night | O91: Rod's | Q91: 48.5778 | R91: -124.30415 | S91: aa705de8-6464-4e03-afb0-f7d9d853da1b | T91: 879f25be-76ee-4bee-9262-a5897c3deadd | U91: =CONCATENATE(TEXT(F91,"ddmmmyy"),"-",IF(B91="CCFS purse seine","PRS", IF(B91="PFN pole seine","POS", IF(B91="6' RST","RST", IF(B91="PFN beach seine","BS", IF(B91="IPT", "IPT", "FLAG"))))), IF(ISBLANK(N91), CONCATENATE("-",M91), CONCATENATE("-",N91))) -> 08May24-RST-Night
A92: 2024 | B92: 6' RST | D92: 45420 | E92: 13:30 | F92: 45421 | G92: 09:02 | J92: Sunny | K92: 1 - light air (1-3kn) | L92: RJ, TL | M92: Night | O92: Rod's | Q92: 48.5778 | R92: -124.30415 | S92: e7d22821-3c69-4976-8f85-5372b88cf0fb | T92: 07ca02b4-3270-4776-a33a-330cef35d21a | U92: =CONCATENATE(TEXT(F92,"ddmmmyy"),"-",IF(B92="CCFS purse seine","PRS", IF(B92="PFN pole seine","POS", IF(B92="6' RST","RST", IF(B92="PFN beach seine","BS", IF(B92="IPT", "IPT", "FLAG"))))), IF(ISBLANK(N92), CONCATENATE("-",M92), CONCATENATE("-",N92))) -> 09May24-RST-Night
A93: 2024 | B93: 6' RST | D93: 45421 | E93: 12:50 | F93: 45422 | G93: 08:49 | J93: Sunny | K93: 0 - calm | L93: RJ. TL | M93: Night | O93: Rod's | Q93: 48.5778 | R93: -124.30415 | S93: 31823986-8a05-45b0-81e6-0e82b973a3e2 | T93: b9e0cbdc-cc9d-465f-96b8-eba7ad60e0f1 | U93: =CONCATENATE(TEXT(F93,"ddmmmyy"),"-",IF(B93="CCFS purse seine","PRS", IF(B93="PFN pole seine","POS", IF(B93="6' RST","RST", IF(B93="PFN beach seine","BS", IF(B93="IPT", "IPT", "FLAG"))))), IF(ISBLANK(N93), CONCATENATE("-",M93), CONCATENATE("-",N93))) -> 10May24-RST-Night | V93: We lost the last tennis ball and are unable to get the flow rate. Will have one tomorrow
A94: 2024 | B94: 6' RST | D94: 45425 | E94: 14:23 | F94: 45426 | G94: 08:47 | J94: Sunny | K94: 1 - light air (1-3kn) | L94: RJ, TL | M94: Night | O94: Rod's | Q94: 48.5778 | R94: -124.30415 | S94: 7246aee7-5b67-4c51-8680-c815d765c9aa | T94: 5cbdd151-b63d-4323-a26e-992b6d1d463a | U94: =CONCATENATE(TEXT(F94,"ddmmmyy"),"-",IF(B94="CCFS purse seine","PRS", IF(B94="PFN pole seine","POS", IF(B94="6' RST","RST", IF(B94="PFN beach seine","BS", IF(B94="IPT", "IPT", "FLAG"))))), IF(ISBLANK(N94), CONCATENATE("-",M94), CONCATENATE("-",N94))) -> 14May24-RST-Night
A95: 2024 | B95: 6' RST | D95: 45426 | E95: 12:35 | F95: 45427 | G95: 08:34 | J95: Overcast | K95: 1 - light air (1-3kn) | L95: RJ, TL | M95: Night | O95: Rod's | Q95: 48.5778 | R95: -124.30415 | S95: dafd79e2-417c-4882-b4f9-5ad9f4453785 | T95: c0a9329e-4be9-4819-a653-a8d29288c82a | U95: =CONCATENATE(TEXT(F95,"ddmmmyy"),"-",IF(B95="CCFS purse seine","PRS", IF(B95="PFN pole seine","POS", IF(B95="6' RST","RST", IF(B95="PFN beach seine","BS", IF(B95="IPT", "IPT", "FLAG"))))), IF(ISBLANK(N95), CONCATENATE("-",M95), CONCATENATE("-",N95))) -> 15May24-RST-Night
A96: 2024 | B96: 6' RST | D96: 45427 | E96: 11:56 | F96: 45428 | G96: 08:36 | J96: Light rain | K96: 1 - light air (1-3kn) | L96: Richard Jones, Jacob Jones | M96: Night | O96: Rod's | Q96: 48.5778 | R96: -124.30415 | S96: 7fab641f-12d4-4730-8130-3f0f62afeb0a | T96: 318f322a-2b12-4e0e-aceb-38df4365fb8e | U96: =CONCATENATE(TEXT(F96,"ddmmmyy"),"-",IF(B96="CCFS purse seine","PRS", IF(B96="PFN pole seine","POS", IF(B96="6' RST","RST", IF(B96="PFN beach seine","BS", IF(B96="IPT", "IPT", "FLAG"))))), IF(ISBLANK(N96), CONCATENATE("-",M96), CONCATENATE("-",N96))) -> 16May24-RST-Night | V96: No YSI today, Temperature 10.5 degrees
A97: 2024 | B97: 6' RST | D97: 45428 | E97: 09:21 | F97: 45429 | G97: 08:33 | J97: Sunny | K97: 0 - calm | L97: RJ, JRAJ | M97: Night | O97: Rod's | Q97: 48.5778 | R97: -124.30415 | S97: 75971461-3683-4e0c-bf62-9489504bc558 | T97: 6c983c12-4770-49eb-87b4-e12754837203 | U97: =CONCATENATE(TEXT(F97,"ddmmmyy"),"-",IF(B97="CCFS purse seine","PRS", IF(B97="PFN pole seine","POS", IF(B97="6' RST","RST", IF(B97="PFN beach seine","BS", IF(B97="IPT", "IPT", "FLAG"))))), IF(ISBLANK(N97), CONCATENATE("-",M97), CONCATENATE("-",N97))) -> 17May24-RST-Night
A98: 2024 | B98: 6' RST | D98: 45433 | E98: 15:11 | F98: 45434 | G98: 09:06 | J98: Partly cloudy | K98: 0 - calm | L98: Richard Jones, Jacob Jones | M98: Night | O98: Rod's | Q98: 48.5778 | R98: -124.30415 | S98: 4577c4fc-d9ab-497f-a49c-2f094585c6a4 | T98: f4dc30fc-659c-49e4-857e-e2a335c4279f | U98: =CONCATENATE(TEXT(F98,"ddmmmyy"),"-",IF(B98="CCFS purse seine","PRS", IF(B98="PFN pole seine","POS", IF(B98="6' RST","RST", IF(B98="PFN beach seine","BS", IF(B98="IPT", "IPT", "FLAG"))))), IF(ISBLANK(N98), CONCATENATE("-",M98), CONCATENATE("-",N98))) -> 22May24-RST-Night
A99: 2024 | B99: 6' RST | D99: 45434 | E99: 09:42 | F99: 45435 | G99: 08:37 | J99: Overcast | K99: 1 - light air (1-3kn) | L99: RJ,JRAJ | M99: Night | O99: Rod's | Q99: 48.5778 | R99: -124.30415 | S99: 62adabb5-2f31-4317-9ba2-7692e2cb3382 | T99: 49b7fd3f-76e4-479a-8f87-4793686b8fa0 | U99: =CONCATENATE(TEXT(F99,"ddmmmyy"),"-",IF(B99="CCFS purse seine","PRS", IF(B99="PFN pole seine","POS", IF(B99="6' RST","RST", IF(B99="PFN beach seine","BS", IF(B99="IPT", "IPT", "FLAG"))))), IF(ISBLANK(N99), CONCATENATE("-",M99), CONCATENATE("-",N99))) -> 23May24-RST-Night | V99: No YSI, today
A100: 2024 | B100: 6' RST | D100: 45435 | E100: 09:21 | F100: 45436 | G100: 08:55 | J100: Light rain | K100: 2 - light breeze (4-6kn) | L100: RJ, JRAJ | M100: Night | O100: Rod's | Q100: 48.5778 | R100: -124.30415 | S100: 5e833129-ad64-4192-99d2-ae46e6f17a85 | T100: 61d72f96-a2f3-4628-ab85-fd2a19c3bc08 | U100: =CONCATENATE(TEXT(F100,"ddmmmyy"),"-",IF(B100="CCFS purse seine","PRS", IF(B100="PFN pole seine","POS", IF(B100="6' RST","RST", IF(B100="PFN beach seine","BS", IF(B100="IPT", "IPT", "FLAG"))))), IF(ISBLANK(N100), CONCATENATE("-",M100), CONCATENATE("-",N100))) -> 24May24-RST-Night
...

Sheet enviro
A1: usid | B1: date_enviros | C1: time_enviros | D1: depth_at_RST_m | E1: RST_RPMs | F1: RST_debris_load | G1: debris_type1 | H1: debris_type2 | I1: tennis_ball_time_min | J1: tennis_ball_distance_m | K1: air_temp | L1: bottom_depth | M1: depth_m | N1: water_temp | O1: salinity_psu | P1: conductivity_uS-cm | Q1: DO_mgL | R1: DO_perc | S1: comments
A2: 24Mar23-RST-N | B2: 45009 | C2: 09:00 | E2: 6.5 | F2: low | G2: misc organics | S2: test fishing after install
A3: 30Mar23-RST-N | B3: 45014 | C3: 17:00 | E3: 4.5 | S3: Reponsitioned RST slightly to fix RPMs after count of 4.5. Water lower, slower RPMs, trap closer to bank, occassionally rubbing ground.
A4: 30Mar23-RST-N | B4: 45015 | C4: 11:45 | E4: 6 | F4: low | G4: misc organics | H4: stick | M4: 0 | N4: 5.4 | R4: 98.2 | S4: Seal present
A5: 31Mar23-RST-N | B5: 45015 | C5: 18:40 | E5: 6 | S5: before trap set
A6: 31Mar23-RST-N | B6: 45016 | C6: 08:50 | E6: 5.5 | F6: low | G6: misc organics | H6: sticks | M6: 0 | N6: 5.4 | R6: 95.2 | S6: seal present in river
A7: 05Apr23-RST-N | B7: 45020 | C7: 18:20 | E7: 6
A8: 05Apr23-RST-N | B8: 45021 | C8: 11:50 | E8: 5.75 | F8: medium | G8: misc organics | M8: 0 | N8: 5.1 | R8: 95.8 | S8: bucket temp at end of sampling was 8C with 99.1% DO
A9: 06Apr23-RST-N | B9: 45021 | C9: 18:15 | E9: 5.75
A10: 06Apr23-RST-N | B10: 45022 | C10: 09:10 | E10: 5.75 | F10: medium | G10: misc organics | H10: stick | M10: 0 | N10: 5.2 | R10: 96.2
A11: 13Apr23-RST-N | B11: 45028 | C11: 18:00 | E11: 6
A12: 13Apr23-RST-N | B12: 45028 | C12: 09:00 | E12: 7 | F12: high | G12: misc organics | M12: 0 | N12: 5.8 | R12: 98.3
A13: 20Apr23-RST-N | B13: 45036 | C13: 08:45 | E13: 6 | F13: high | G13: misc organics | M13: 0 | N13: 5.1 | R13: 97.9 | S13: 764.3 mm Hg DO. installed DO meter
A14: 21Apr23-RST-N | B14: 45037 | C14: 08:45 | E14: 4 | F14: high | G14: misc organics | M14: 0 | N14: 5.3 | R14: 99.2 | S14: 769.3 mm Hg
A15: 21Apr23-RST-N | B15: 45036 | C15: 19:30 | E15: 5.5 | S15: 4 morts in trap screen from previous event
A16: 27Apr23-RST-N | B16: 45042 | C16: 06:00 | E16: 6+
A17: 27Apr23-RST-N | B17: 45043 | C17: 09:05 | E17: 6 | F17: medium | M17: 0 | N17: 6.5 | R17: 97.7
A18: 27Apr23-RST-D | B18: 45043 | C18: 10:55 | E18: 7 | M18: 0 | N18: 8.9 | R18: 101.3 | S18: 764.7 mm Hg
A19: 27Apr23-RST-D | B19: 45043 | C19: 10:55 | E19: 6.5 | F19: high | G19: misc organics | M19: 0 | N19: 8.9 | R19: 101.3 | S19: 764.7 mm Hg
A20: 28Apr23-RST-N | B20: 45043 | C20: 18:00 | E20: 7 | M20: 0 | N20: 6.9 | R20: 97.9
A21: 28Apr23-RST-N | B21: 45043 | C21: 08:35 | E21: 0 | F21: medium | M21: 0 | N21: 6.9 | R21: 97.9 | S21: cone not spinning on arrival. 762.0mm Hg
A22: 05May23-RST-N | B22: 45050 | C22: 0.6875 | E22: 5.25
A23: 05May23-RST-N | B23: 45051 | C23: 09:00 | E23: 4 | F23: medium | M23: 0 | N23: 8.3 | R23: 95.3 | S23: 755.4 mm Hg
A24: 05May23-POS-1 | B24: 45051 | C24: 0.42708333 | M24: 0 | N24: 13 | R24: 27.3 | S24: 755.6 mmHg; pole seine salvage from rod's drainage ditch
A25: 11May23-RST-N | B25: 45056 | C25: 0.67361111 | E25: 4.5
A26: 11May23-RST-N | B26: 45057 | C26: 09:05 | E26: 4 | F26: low | M26: 0 | N26: 9 | R26: 93 | S26: 764.1 mm Hg | T26: 13.62 seconds / 1.3 meters
A27: 02Jun23-RST-N | B27: 45078 | C27: 16:45 | E27: 3
A28: 02Jun23-RST-N | B28: 45079 | C28: 09:10 | E28: 0 | F28: low | M28: 0 | N28: 12.6 | R28: 87 | S28: 763.2 mm Hg. Cone not spinning on arrival, narrow part of cone shaft slipped out of sleeve. Flow rates(17.97, 15.56, 16.42, 20.48, 17.05, 15.67 seconds). Depth stick (1.2m, 1.4m, 1.5m)
A29: 02Jun23-HATLP-1 | B29: 45079 | C29: 0.66666667 | M29: 0 | N29: 16.7 | R29: 94.6 | S29: Turb 0.21 FNU; hatchery lake pen samples from fairy lake/SJ confl
A30: 02Jun23-HATLP-1 | B30: 45079 | C30: 0.66666667 | M30: 1 | N30: 16.7 | R30: 91.7 | S30: 0.20 FNU; hatchery lake pen samples from fairy lake/SJ confl
A31: 02Jun23-HATLP-1 | B31: 45079 | C31: 0.66666667 | M31: 2 | N31: 16.2 | R31: 92.1 | S31: 0.01 FNU; hatchery lake pen samples from fairy lake/SJ confl
A32: 08Jun23-RST-N | B32: 45085 | C32: 16:10 | E32: 2.875
A33: 08Jun23-RST-N | B33: 45085 | C33: 09:15 | E33: 1.25 | F33: low | G33: misc organics | M33: 0 | N33: 13.9 | R33: 83.3 | S33: mm Hg 759.7. Flow Rate (19.54, 19.32, 16.48, 16.82, 19.69 seconds). Depth stick (1.3m, 1.5m, 1.4m)
A34: 09Jun23-RST-N | B34: 45086 | C34: 15:35 | E34: 2.5
A35: 09Jun23-RST-N | B35: 45086 | C35: 09:00 | E35: 0 | F35: low | G35: big sticks | M35: 0 | N35: 13.5 | R35: 82.7 | S35: 761.3 mm Hg. Flow Rate (20.38, 14.68, 22.58, 19.00, 16.66 seconds). Depth stick (1.3m, 1.5m, 1.3m)
A36: 15Jun23-RST-N | B36: 45091 | C36: 16:30 | E36: 2
A37: 15Jun23-RST-N | B37: 45092 | C37: 08:45 | E37: 1.5 | F37: low | M37: 0 | N37: 13.6 | R37: 80.6 | S37: 764.7 mm Hg. Depth stick (1.3m, 1.4m, 1.5m)
A38: 16Jun23-RST-N | B38: 45092 | C38: 15:37 | E38: 1.7
A39: 16Jun23-RST-N | B39: 45093 | C39: 08:52 | E39: 1.4 | F39: low | G39: misc organics | H39: sticks | M39: 0 | N39: 13.6 | R39: 81.3 | S39: 764.8 mm Hg. Depth 1.25m
A40: 16Jun23-BS-1 | C40: 0.5 | M40: 0 | N40: 13.4 | R40: 110.7 | S40: 765.2 mmHg; logged in YSI
A41: 16Jun23-BS-2 | S41: did not record; logged in PFN YSI
A42: 16Jun23-BS-3 | C42: 0.58333333 | M42: 0 | N42: 13.4 | R42: 110.7 | S42: 765.2 mmHg; logged in YSI
A43: =sample_event_meta!$U$31 -> 28Jun23-PRS-PGM-1 | B43: =DATEVALUE(LEFT(A43, SEARCH("-", A43) - 1)) -> 45105 | C43: 0.43055556 | M43: 0 | N43: 14.4 | O43: 29.79 | P43: 36590 | Q43: 11.58 | S43: ocgy times are an estimate; no weight on YSI makes depth measurements difficult
A44: =sample_event_meta!$U$31 -> 28Jun23-PRS-PGM-1 | B44: =DATEVALUE(LEFT(A44, SEARCH("-", A44) - 1)) -> 45105 | C44: 0.43055556 | M44: 5 | N44: 10.9 | O44: 32.75 | P44: 36758 | Q44: 8 | R44: 88.2 | S44: ocgy times are an estimate; no weight on YSI makes depth measurements difficult
A45: =sample_event_meta!$U$31 -> 28Jun23-PRS-PGM-1 | B45: =DATEVALUE(LEFT(A45, SEARCH("-", A45) - 1)) -> 45105 | C45: 0.43055556 | M45: 10 | N45: 11.1 | O45: 29.5 | P45: 34855 | Q45: 7.27 | R45: 79.1 | S45: ocgy times are an estimate; no weight on YSI makes depth measurements difficult
A46: =sample_event_meta!$U$32 -> 28Jun23-PRS-PRCD-2 | B46: =DATEVALUE(LEFT(A46, SEARCH("-", A46) - 1)) -> 45105 | C46: 0.47916667 | M46: 0 | N46: 13.3 | O46: 32.03 | P46: 37966 | Q46: 12.72 | R46: 147.1 | S46: ocgy times are an estimate; no weight on YSI makes depth measurements difficult
A47: =sample_event_meta!$U$32 -> 28Jun23-PRS-PRCD-2 | B47: =DATEVALUE(LEFT(A47, SEARCH("-", A47) - 1)) -> 45105 | C47: 0.47916667 | M47: 5 | N47: 10.5 | O47: 32.81 | P47: 36329 | Q47: 7.88 | R47: 87 | S47: ocgy times are an estimate; no weight on YSI makes depth measurements difficult
A48: =sample_event_meta!$U$32 -> 28Jun23-PRS-PRCD-2 | B48: =DATEVALUE(LEFT(A48, SEARCH("-", A48) - 1)) -> 45105 | C48: 0.47916667 | M48: 10 | N48: 10.2 | O48: 32.81 | P48: 36091 | Q48: 7.21 | R48: 79.1 | S48: ocgy times are an estimate; no weight on YSI makes depth measurements difficult
A49: =sample_event_meta!$U$33 -> 28Jun23-PRS-Mill Bay-3 | B49: =DATEVALUE(LEFT(A49, SEARCH("-", A49) - 1)) -> 45105 | C49: 0.48958333 | M49: 0 | N49: 11.3 | O49: 32.55 | P49: 36833 | Q49: 8.59 | R49: 96.3 | S49: ocgy times are an estimate; no weight on YSI makes depth measurements difficult
A50: =sample_event_meta!$U$33 -> 28Jun23-PRS-Mill Bay-3 | B50: =DATEVALUE(LEFT(A50, SEARCH("-", A50) - 1)) -> 45105 | C50: 0.48958333 | M50: 5 | N50: 10.2 | O50: 32.82 | P50: 36102 | Q50: 7.53 | R50: 82.8 | S50: ocgy times are an estimate; no weight on YSI makes depth measurements difficult
A51: =sample_event_meta!$U$33 -> 28Jun23-PRS-Mill Bay-3 | B51: =DATEVALUE(LEFT(A51, SEARCH("-", A51) - 1)) -> 45105 | C51: 0.48958333 | M51: 10 | N51: 10.1 | O51: 32.86 | P51: 36027 | Q51: 7.18 | R51: 78.4 | S51: ocgy times are an estimate; no weight on YSI makes depth measurements difficult
A52: =sample_event_meta!$U$34 -> 28Jun23-PRS-Thrasher-4 | B52: =DATEVALUE(LEFT(A52, SEARCH("-", A52) - 1)) -> 45105 | C52: 0.5625 | M52: 0 | N52: 12.4 | O52: 32.43 | P52: 37729 | Q52: 11.82 | R52: 133.8 | S52: ocgy times are an estimate; no weight on YSI makes depth measurements difficult
A53: =sample_event_meta!$U$34 -> 28Jun23-PRS-Thrasher-4 | B53: =DATEVALUE(LEFT(A53, SEARCH("-", A53) - 1)) -> 45105 | C53: 0.5625 | M53: 5 | N53: 10.6 | O53: 32.83 | P53: 36244 | Q53: 7.96 | R53: 87.6 | S53: ocgy times are an estimate; no weight on YSI makes depth measurements difficult
A54: =sample_event_meta!$U$34 -> 28Jun23-PRS-Thrasher-4 | B54: =DATEVALUE(LEFT(A54, SEARCH("-", A54) - 1)) -> 45105 | C54: 0.5625 | M54: 10 | N54: 10 | O54: 32.92 | P54: 36014 | Q54: 6.83 | R54: 74.7 | S54: ocgy times are an estimate; no weight on YSI makes depth measurements difficult
A55: =sample_event_meta!$U$35 -> 28Jun23-PRS-Jap Rock-5 | B55: =DATEVALUE(LEFT(A55, SEARCH("-", A55) - 1)) -> 45105 | C55: 0.61805556 | M55: 0 | N55: 13 | O55: 32.22 | P55: 38003 | Q55: 12.47 | R55: 144.2 | S55: ocgy times are an estimate; no weight on YSI makes depth measurements difficult
A56: =sample_event_meta!$U$35 -> 28Jun23-PRS-Jap Rock-5 | B56: =DATEVALUE(LEFT(A56, SEARCH("-", A56) - 1)) -> 45105 | C56: 0.61805556 | M56: 5 | N56: 11 | O56: 32.99 | P56: 37684 | Q56: 10.11 | R56: 118 | S56: ocgy times are an estimate; no weight on YSI makes depth measurements difficult
A57: =sample_event_meta!$U$35 -> 28Jun23-PRS-Jap Rock-5 | B57: =DATEVALUE(LEFT(A57, SEARCH("-", A57) - 1)) -> 45105 | C57: 0.61805556 | M57: 10 | N57: 10.4 | O57: 32.83 | P57: 36263 | Q57: 8.14 | R57: 90.4 | S57: ocgy times are an estimate; no weight on YSI makes depth measurements difficult
A58: =sample_event_meta!$U$37 -> 07Jul23-PRS-Gordon R-2 | B58: =DATEVALUE(LEFT(A58, SEARCH("-", A58) - 1)) -> 45114 | M58: 0 | N58: 14.1 | O58: 30.34 | P58: 22702 | Q58: 10.5 | R58: 123.3 | S58: no ocgy time
A59: =sample_event_meta!$U$37 -> 07Jul23-PRS-Gordon R-2 | B59: =DATEVALUE(LEFT(A59, SEARCH("-", A59) - 1)) -> 45114 | M59: 5 | N59: 11.6 | O59: 32.98 | P59: 37553 | Q59: 10.45 | R59: 118.3 | S59: no ocgy time
A60: =sample_event_meta!$U$37 -> 07Jul23-PRS-Gordon R-2 | B60: =DATEVALUE(LEFT(A60, SEARCH("-", A60) - 1)) -> 45114 | M60: 10 | N60: 10.2 | O60: 33.15 | P60: 36434 | Q60: 6.31 | R60: 69.4 | S60: no ocgy time
A61: =sample_event_meta!$U$38 -> 07Jul23-PRS-Jap Rock-3 | B61: =DATEVALUE(LEFT(A61, SEARCH("-", A61) - 1)) -> 45114 | M61: 0 | N61: 13.7 | O61: 31.26 | P61: 37592 | Q61: 11.21 | R61: 131 | S61: no ocgy time
A62: =sample_event_meta!$U$38 -> 07Jul23-PRS-Jap Rock-3 | B62: =DATEVALUE(LEFT(A62, SEARCH("-", A62) - 1)) -> 45114 | M62: 5 | N62: 11.6 | O62: 32.96 | P62: 37525 | Q62: 10.33 | R62: 117.6 | S62: no ocgy time
A63: =sample_event_meta!$U$38 -> 07Jul23-PRS-Jap Rock-3 | B63: =DATEVALUE(LEFT(A63, SEARCH("-", A63) - 1)) -> 45114 | M63: 10 | N63: 10.3 | O63: 33.2 | P63: 36538 | Q63: 6.6 | R63: 73.3 | S63: no ocgy time
A64: =sample_event_meta!$U$39 -> 07Jul23-PRS-Thrasher-4 | B64: =DATEVALUE(LEFT(A64, SEARCH("-", A64) - 1)) -> 45114 | M64: 0 | N64: 12 | O64: 13.39 | P64: 12604 | Q64: 14.74 | R64: 143.3 | S64: no ocgy time
A65: =sample_event_meta!$U$39 -> 07Jul23-PRS-Thrasher-4 | B65: =DATEVALUE(LEFT(A65, SEARCH("-", A65) - 1)) -> 45114 | M65: 5 | N65: 10.7 | O65: 33.13 | P65: 36862 | Q65: 8.3 | R65: 92.3 | S65: no ocgy time
A66: =sample_event_meta!$U$39 -> 07Jul23-PRS-Thrasher-4 | B66: =DATEVALUE(LEFT(A66, SEARCH("-", A66) - 1)) -> 45114 | M66: 10 | N66: 10.2 | O66: 33.17 | P66: 36465 | Q66: 6.96 | R66: 76.8 | S66: no ocgy time
A67: =sample_event_meta!$U$40 -> 07Jul23-PRS-Mill Bay-5 | B67: =DATEVALUE(LEFT(A67, SEARCH("-", A67) - 1)) -> 45114 | M67: 0 | N67: 12.3 | O67: 32.72 | P67: 37933 | Q67: 10.49 | R67: 119.3 | S67: no ocgy time
A68: =sample_event_meta!$U$40 -> 07Jul23-PRS-Mill Bay-5 | B68: =DATEVALUE(LEFT(A68, SEARCH("-", A68) - 1)) -> 45114 | M68: 5 | N68: 10.6 | O68: 33.11 | P68: 36531 | Q68: 7.35 | R68: 81.6 | S68: no ocgy time
A69: =sample_event_meta!$U$40 -> 07Jul23-PRS-Mill Bay-5 | B69: =DATEVALUE(LEFT(A69, SEARCH("-", A69) - 1)) -> 45114 | M69: 10 | N69: 10.2 | O69: 33.18 | P69: 36459 | Q69: 6.92 | R69: 76.7 | S69: no ocgy time
A70: =sample_event_meta!$U$41 -> 07Jul23-PRS-PRCD-6 | B70: =DATEVALUE(LEFT(A70, SEARCH("-", A70) - 1)) -> 45114 | C70: 13:12 | M70: 0 | N70: 13.5 | O70: 32.36 | P70: 38563 | Q70: 12.09 | R70: 142.5 | S70: windy
A71: =sample_event_meta!$U$41 -> 07Jul23-PRS-PRCD-6 | B71: =DATEVALUE(LEFT(A71, SEARCH("-", A71) - 1)) -> 45114 | C71: 13:12 | M71: 5 | N71: 12.9 | O71: 32.43 | P71: 38431 | Q71: 12.76 | R71: 149.9 | S71: windy
A72: =sample_event_meta!$U$41 -> 07Jul23-PRS-PRCD-6 | B72: =DATEVALUE(LEFT(A72, SEARCH("-", A72) - 1)) -> 45114 | C72: 13:12 | M72: 10 | N72: 10.6 | O72: 33.01 | P72: 36755 | Q72: 8.12 | R72: 89.6 | S72: windy
A73: =sample_event_meta!$U$42 -> 07Jul23-PRS-Offshore A-7 | B73: =DATEVALUE(LEFT(A73, SEARCH("-", A73) - 1)) -> 45114 | C73: 14:01 | M73: 0 | N73: 13 | O73: 32.54 | P73: 38220 | Q73: 12.35 | R73: 152
A74: =sample_event_meta!$U$42 -> 07Jul23-PRS-Offshore A-7 | B74: =DATEVALUE(LEFT(A74, SEARCH("-", A74) - 1)) -> 45114 | C74: 14:01 | M74: 5 | N74: 11.2 | O74: 33.06 | P74: 37490 | Q74: 10.9 | R74: 125
A75: =sample_event_meta!$U$42 -> 07Jul23-PRS-Offshore A-7 | B75: =DATEVALUE(LEFT(A75, SEARCH("-", A75) - 1)) -> 45114 | C75: 14:01 | M75: 10 | N75: 10.3 | O75: 33.1 | P75: 36610 | Q75: 7.24 | R75: 79
A76: =sample_event_meta!$U$43 -> 20Jul23-PRS-PRCD-1 | B76: =DATEVALUE(LEFT(A76, SEARCH("-", A76) - 1)) -> 45127 | C76: 0.44444444 | M76: 0 | N76: 12.8 | O76: 32.46 | P76: 38103 | Q76: 8.57 | R76: 99.1
A77: =sample_event_meta!$U$43 -> 20Jul23-PRS-PRCD-1 | B77: =DATEVALUE(LEFT(A77, SEARCH("-", A77) - 1)) -> 45127 | C77: 0.44444444 | M77: 5 | N77: 11.1 | O77: 33.21 | P77: 37279 | Q77: 8 | R77: 89.5
A78: =sample_event_meta!$U$43 -> 20Jul23-PRS-PRCD-1 | B78: =DATEVALUE(LEFT(A78, SEARCH("-", A78) - 1)) -> 45127 | C78: 0.44444444 | M78: 10 | N78: 10.9 | O78: 33.28 | P78: 37247 | Q78: 7.29 | R78: 81.9
A79: =sample_event_meta!$U$44 -> 20Jul23-PRS-Offshore A-2 | B79: =DATEVALUE(LEFT(A79, SEARCH("-", A79) - 1)) -> 45127 | M79: 0 | N79: 13.5 | O79: 33.21 | P79: 38816 | Q79: 14.11 | R79: 142.6
A80: =sample_event_meta!$U$44 -> 20Jul23-PRS-Offshore A-2 | B80: =DATEVALUE(LEFT(A80, SEARCH("-", A80) - 1)) -> 45127 | M80: 5 | N80: 11.7 | O80: 33.15 | P80: 37787 | Q80: 9.74 | R80: 110
A81: =sample_event_meta!$U$44 -> 20Jul23-PRS-Offshore A-2 | B81: =DATEVALUE(LEFT(A81, SEARCH("-", A81) - 1)) -> 45127 | M81: 10 | N81: 10.9 | O81: 33.25 | P81: 37155 | Q81: 7.56 | R81: 83.6
A82: =sample_event_meta!$U$45 -> 20Jul23-PRS-Offshore B-3 | B82: =DATEVALUE(LEFT(A82, SEARCH("-", A82) - 1)) -> 45127 | M82: 0 | N82: 14.2 | O82: 32.24 | P82: 39178 | Q82: 12.22 | R82: 146.3
A83: =sample_event_meta!$U$45 -> 20Jul23-PRS-Offshore B-3 | B83: =DATEVALUE(LEFT(A83, SEARCH("-", A83) - 1)) -> 45127 | M83: 5 | N83: 11.6 | O83: 33.17 | P83: 37714 | Q83: 9.46 | R83: 106.8
A84: =sample_event_meta!$U$45 -> 20Jul23-PRS-Offshore B-3 | B84: =DATEVALUE(LEFT(A84, SEARCH("-", A84) - 1)) -> 45127 | M84: 10 | N84: 11.2 | O84: 32.24 | P84: 37477 | Q84: 7.3 | R84: 81
A85: =sample_event_meta!$U$46 -> 20Jul23-PRS-Thrasher-4 | B85: =DATEVALUE(LEFT(A85, SEARCH("-", A85) - 1)) -> 45127 | M85: 0 | N85: 13.8 | O85: 32.74 | P85: 39266 | Q85: 12.33 | R85: 145.6
A86: =sample_event_meta!$U$46 -> 20Jul23-PRS-Thrasher-4 | B86: =DATEVALUE(LEFT(A86, SEARCH("-", A86) - 1)) -> 45127 | M86: 5 | N86: 11 | O86: 33.22 | P86: 37309 | Q86: 9.29 | R86: 103.9
A87: =sample_event_meta!$U$46 -> 20Jul23-PRS-Thrasher-4 | B87: =DATEVALUE(LEFT(A87, SEARCH("-", A87) - 1)) -> 45127 | M87: 10 | N87: 11 | O87: 33.28 | P87: 37318 | Q87: 9.27 | R87: 103.8
A88: =sample_event_meta!$U$47 -> 20Jul23-PRS--5 | B88: =DATEVALUE(LEFT(A88, SEARCH("-", A88) - 1)) -> 45127 | M88: 0 | N88: 13.4 | O88: 32.82 | P88: 38902 | Q88: 12.43 | R88: 196.2
A89: =sample_event_meta!$U$47 -> 20Jul23-PRS--5 | B89: =DATEVALUE(LEFT(A89, SEARCH("-", A89) - 1)) -> 45127 | M89: 5 | N89: 10.8 | O89: 33.05 | P89: 36885 | Q89: 8.45 | R89: 93.5
A90: =sample_event_meta!$U$47 -> 20Jul23-PRS--5 | B90: =DATEVALUE(LEFT(A90, SEARCH("-", A90) - 1)) -> 45127 | M90: 10 | N90: 10.5 | O90: 33.18 | P90: 36761 | Q90: 7.15 | R90: 79
A91: =sample_event_meta!$U$48 -> 09Aug23-PRS-PRCD-1 | B91: =DATEVALUE(LEFT(A91, SEARCH("-", A91) - 1)) -> 45147 | M91: 0 | N91: 14.7 | O91: 30.06 | P91: 36878 | Q91: 11.82 | R91: 138.1
A92: =sample_event_meta!$U$48 -> 09Aug23-PRS-PRCD-1 | B92: =DATEVALUE(LEFT(A92, SEARCH("-", A92) - 1)) -> 45147 | M92: 5 | N92: 10.5 | O92: 33.27 | P92: 36784 | Q92: 6.69 | R92: 72.9
A93: =sample_event_meta!$U$48 -> 09Aug23-PRS-PRCD-1 | B93: =DATEVALUE(LEFT(A93, SEARCH("-", A93) - 1)) -> 45147 | M93: 10 | N93: 10 | O93: 33.49 | P93: 36614 | Q93: 5.71 | R93: 62.6
A94: =sample_event_meta!$U$49 -> 09Aug23-PRS-Mill Bay-2 | B94: =DATEVALUE(LEFT(A94, SEARCH("-", A94) - 1)) -> 45147 | C94: 11:05 | M94: 0 | N94: 13.4 | O94: 32.02 | P94: 38172 | Q94: 10.7 | R94: 125
A95: =sample_event_meta!$U$49 -> 09Aug23-PRS-Mill Bay-2 | B95: =DATEVALUE(LEFT(A95, SEARCH("-", A95) - 1)) -> 45147 | M95: 5 | N95: 10.4 | O95: 33.45 | P95: 36847 | Q95: 6.81 | R95: 78.2
A96: =sample_event_meta!$U$49 -> 09Aug23-PRS-Mill Bay-2 | B96: =DATEVALUE(LEFT(A96, SEARCH("-", A96) - 1)) -> 45147 | M96: 10 | N96: 10 | O96: 33.54 | P96: 36637 | Q96: 5.4 | R96: 59.6
A97: =sample_event_meta!$U$50 -> 09Aug23-PRS-Offshore B-3 | B97: =DATEVALUE(LEFT(A97, SEARCH("-", A97) - 1)) -> 45147 | C97: 11:15 | M97: 0 | N97: 14.3 | O97: 31.94 | P97: 38911 | Q97: 12.18 | R97: 145.9
A98: =sample_event_meta!$U$50 -> 09Aug23-PRS-Offshore B-3 | B98: =DATEVALUE(LEFT(A98, SEARCH("-", A98) - 1)) -> 45147 | C98: 11:15 | M98: 5 | N98: 10.3 | O98: 33.36 | P98: 36792 | Q98: 6.64 | R98: 72.9
A99: =sample_event_meta!$U$50 -> 09Aug23-PRS-Offshore B-3 | B99: =DATEVALUE(LEFT(A99, SEARCH("-", A99) - 1)) -> 45147 | C99: 11:15 | M99: 10 | N99: 10.1 | O99: 33.51 | P99: 36700 | Q99: 5.82 | R99: 63.8
A100: =sample_event_meta!$U$51 -> 09Aug23-PRS-Thrasher-4 | B100: =DATEVALUE(LEFT(A100, SEARCH("-", A100) - 1)) -> 45147 | C100: 12:08 | M100: 0 | N100: 14.2 | O100: 4.15 | P100: 39555 | Q100: 14.38 | R100: 166.9
...

Sheet set_totals
A1: year | B1: gear | C1: usid | D1: date | E1: DOY | F1: species | G1: life_stage | H1: clip_status | I1: total_caught_incl_recaps | J1: total_caught_excl_recaps | K1: bismarck_recaps | L1: #_biosampled_released_alive_DYED | M1: #_biosampled_released_alive_UNDYED | N1: #_tallied_released_alive_DYED | O1: #_tallied_released_alive_UNDYED | P1: #_lethals | Q1: #_morts | R1: Comments
A2: 2023 | B2: 6' RST | C2: 24Mar23-RST-Night | D2: =DATEVALUE(LEFT(C2, SEARCH("-", C2) - 1)) -> 45009 | E2: =D2 - DATE(YEAR(D2), 1, 0) -> 83 | F2: rainbow | G2: parr | I2: =SUM(K2:Q2) -> 2 | J2: =SUM(L2:Q2) -> 2 | K2: 0 | M2: 1 | O2: 1 | R2: test fish after install
A3: 2023 | B3: 6' RST | C3: 24Mar23-RST-Night | D3: =DATEVALUE(LEFT(C3, SEARCH("-", C3) - 1)) -> 45009 | E3: =D3 - DATE(YEAR(D3), 1, 0) -> 83 | F3: chum | G3: fry | I3: =SUM(K3:Q3) -> 8 | J3: =SUM(L3:Q3) -> 8 | K3: 0 | M3: 4 | Q3: 4 | R3: test fish after install - includes practice sample mort
A4: 2023 | B4: 6' RST | C4: 24Mar23-RST-Night | D4: =DATEVALUE(LEFT(C4, SEARCH("-", C4) - 1)) -> 45009 | E4: =D4 - DATE(YEAR(D4), 1, 0) -> 83 | F4: coho | G4: fry | I4: =SUM(K4:Q4) -> 31 | J4: =SUM(L4:Q4) -> 31 | K4: 0 | M4: 27 | Q4: 4 | R4: test fish after install
A5: 2023 | B5: 6' RST | C5: 24Mar23-RST-Night | D5: =DATEVALUE(LEFT(C5, SEARCH("-", C5) - 1)) -> 45009 | E5: =D5 - DATE(YEAR(D5), 1, 0) -> 83 | F5: chinook | G5: fry | H5: unclipped | I5: =SUM(K5:Q5) -> 4 | J5: =SUM(L5:Q5) -> 4 | K5: 0 | M5: 3 | Q5: 1 | R5: test fish after install
A6: 2023 | B6: 6' RST | C6: 24Mar23-RST-Night | D6: =DATEVALUE(LEFT(C6, SEARCH("-", C6) - 1)) -> 45009 | E6: =D6 - DATE(YEAR(D6), 1, 0) -> 83 | F6: stickleback | I6: =SUM(K6:Q6) -> 2 | J6: =SUM(L6:Q6) -> 2 | K6: 0 | O6: 2 | R6: test fish after install
A7: 2023 | B7: 6' RST | C7: 24Mar23-RST-Night | D7: =DATEVALUE(LEFT(C7, SEARCH("-", C7) - 1)) -> 45009 | E7: =D7 - DATE(YEAR(D7), 1, 0) -> 83 | F7: sculpin | I7: =SUM(K7:Q7) -> 1 | J7: =SUM(L7:Q7) -> 1 | K7: 0 | O7: 1 | R7: test fish after install
A8: 2023 | B8: 6' RST | C8: 24Mar23-RST-Night | D8: =DATEVALUE(LEFT(C8, SEARCH("-", C8) - 1)) -> 45009 | E8: =D8 - DATE(YEAR(D8), 1, 0) -> 83 | F8: coho | G8: smolt | I8: =SUM(K8:Q8) -> 7 | J8: =SUM(L8:Q8) -> 7 | K8: 0 | M8: 7 | R8: test fish after install
A9: 2023 | B9: 6' RST | C9: 30Mar23-RST-Night | D9: =DATEVALUE(LEFT(C9, SEARCH("-", C9) - 1)) -> 45015 | E9: =D9 - DATE(YEAR(D9), 1, 0) -> 89 | F9: coho | G9: fry | I9: =SUM(K9:Q9) -> 148 | J9: =SUM(L9:Q9) -> 148 | K9: 0 | M9: 30 | O9: 96 | Q9: 22 | R9: 1 coho fry in column A is a mort. Most morts due to grate at back of trap being put in backwards and gilled fish.
A10: 2023 | B10: 6' RST | C10: 30Mar23-RST-Night | D10: =DATEVALUE(LEFT(C10, SEARCH("-", C10) - 1)) -> 45015 | E10: =D10 - DATE(YEAR(D10), 1, 0) -> 89 | F10: chum | G10: fry | I10: =SUM(K10:Q10) -> 52 | J10: =SUM(L10:Q10) -> 52 | K10: 0 | M10: 30 | O10: 16 | Q10: 6 | R10: Most morts due to grate at back of trap being put in backwards and gilled fish.
A11: 2023 | B11: 6' RST | C11: 30Mar23-RST-Night | D11: =DATEVALUE(LEFT(C11, SEARCH("-", C11) - 1)) -> 45015 | E11: =D11 - DATE(YEAR(D11), 1, 0) -> 89 | F11: chinook | G11: fry | H11: unclipped | I11: =SUM(K11:Q11) -> 29 | J11: =SUM(L11:Q11) -> 29 | K11: 0 | M11: 28 | Q11: 1 | R11: Most morts due to grate at back of trap being put in backwards and gilled fish.
A12: 2023 | B12: 6' RST | C12: 30Mar23-RST-Night | D12: =DATEVALUE(LEFT(C12, SEARCH("-", C12) - 1)) -> 45015 | E12: =D12 - DATE(YEAR(D12), 1, 0) -> 89 | F12: sculpin | I12: =SUM(K12:Q12) -> 1 | J12: =SUM(L12:Q12) -> 1 | K12: 0 | O12: 1
A13: 2023 | B13: 6' RST | C13: 30Mar23-RST-Night | D13: =DATEVALUE(LEFT(C13, SEARCH("-", C13) - 1)) -> 45015 | E13: =D13 - DATE(YEAR(D13), 1, 0) -> 89 | F13: stickleback | I13: =SUM(K13:Q13) -> 1 | J13: =SUM(L13:Q13) -> 1 | K13: 0 | Q13: 1
A14: 2023 | B14: 6' RST | C14: 30Mar23-RST-Night | D14: =DATEVALUE(LEFT(C14, SEARCH("-", C14) - 1)) -> 45015 | E14: =D14 - DATE(YEAR(D14), 1, 0) -> 89 | F14: coho | G14: smolt | I14: =SUM(K14:Q14) -> 2 | J14: =SUM(L14:Q14) -> 2 | K14: 0 | M14: 2 | R14: 1 smolt in column A is a mort post-processing
A15: 2023 | B15: 6' RST | C15: 30Mar23-RST-Night | D15: =DATEVALUE(LEFT(C15, SEARCH("-", C15) - 1)) -> 45015 | E15: =D15 - DATE(YEAR(D15), 1, 0) -> 89 | F15: rainbow | G15: parr | I15: =SUM(K15:Q15) -> 1 | J15: =SUM(L15:Q15) -> 1 | K15: 0 | M15: 1
A16: 2023 | B16: 6' RST | C16: 30Mar23-RST-Night | D16: =DATEVALUE(LEFT(C16, SEARCH("-", C16) - 1)) -> 45015 | E16: =D16 - DATE(YEAR(D16), 1, 0) -> 89 | F16: rainbow | G16: fry | I16: =SUM(K16:Q16) -> 1 | J16: =SUM(L16:Q16) -> 1 | K16: 0 | M16: 1
A17: 2023 | B17: 6' RST | C17: 31Mar23-RST-Night | D17: =DATEVALUE(LEFT(C17, SEARCH("-", C17) - 1)) -> 45016 | E17: =D17 - DATE(YEAR(D17), 1, 0) -> 90 | F17: roughskin newt | I17: =SUM(K17:Q17) -> 1 | J17: =SUM(L17:Q17) -> 1 | K17: 0 | O17: 1
A18: 2023 | B18: 6' RST | C18: 31Mar23-RST-Night | D18: =DATEVALUE(LEFT(C18, SEARCH("-", C18) - 1)) -> 45016 | E18: =D18 - DATE(YEAR(D18), 1, 0) -> 90 | F18: western toadlet | I18: =SUM(K18:Q18) -> 1 | J18: =SUM(L18:Q18) -> 1 | K18: 0 | O18: 1
A19: 2023 | B19: 6' RST | C19: 31Mar23-RST-Night | D19: =DATEVALUE(LEFT(C19, SEARCH("-", C19) - 1)) -> 45016 | E19: =D19 - DATE(YEAR(D19), 1, 0) -> 90 | F19: lamprey | I19: =SUM(K19:Q19) -> 2 | J19: =SUM(L19:Q19) -> 2 | K19: 0 | O19: 2 | R19: Ammocete larvae. Photos taken.
A20: 2023 | B20: 6' RST | C20: 31Mar23-RST-Night | D20: =DATEVALUE(LEFT(C20, SEARCH("-", C20) - 1)) -> 45016 | E20: =D20 - DATE(YEAR(D20), 1, 0) -> 90 | F20: sculpin | I20: =SUM(K20:Q20) -> 2 | J20: =SUM(L20:Q20) -> 2 | K20: 0 | O20: 1 | Q20: 1
A21: 2023 | B21: 6' RST | C21: 31Mar23-RST-Night | D21: =DATEVALUE(LEFT(C21, SEARCH("-", C21) - 1)) -> 45016 | E21: =D21 - DATE(YEAR(D21), 1, 0) -> 90 | F21: coho | G21: fry | I21: =SUM(K21:Q21) -> 253 | J21: =SUM(L21:Q21) -> 253 | K21: 0 | M21: 30 | O21: 221 | Q21: 2
A22: 2023 | B22: 6' RST | C22: 31Mar23-RST-Night | D22: =DATEVALUE(LEFT(C22, SEARCH("-", C22) - 1)) -> 45016 | E22: =D22 - DATE(YEAR(D22), 1, 0) -> 90 | F22: chum | G22: fry | I22: =SUM(K22:Q22) -> 83 | J22: =SUM(L22:Q22) -> 83 | K22: 0 | M22: 27 | O22: 55 | Q22: 1
A23: 2023 | B23: 6' RST | C23: 31Mar23-RST-Night | D23: =DATEVALUE(LEFT(C23, SEARCH("-", C23) - 1)) -> 45016 | E23: =D23 - DATE(YEAR(D23), 1, 0) -> 90 | F23: coho | G23: smolt | I23: =SUM(K23:Q23) -> 6 | J23: =SUM(L23:Q23) -> 6 | K23: 0 | M23: 6
A24: 2023 | B24: 6' RST | C24: 31Mar23-RST-Night | D24: =DATEVALUE(LEFT(C24, SEARCH("-", C24) - 1)) -> 45016 | E24: =D24 - DATE(YEAR(D24), 1, 0) -> 90 | F24: chinook | G24: fry | H24: unclipped | I24: =SUM(K24:Q24) -> 33 | J24: =SUM(L24:Q24) -> 33 | K24: 0 | M24: 30 | O24: 3
A25: 2023 | B25: 6' RST | C25: 31Mar23-RST-Night | D25: =DATEVALUE(LEFT(C25, SEARCH("-", C25) - 1)) -> 45016 | E25: =D25 - DATE(YEAR(D25), 1, 0) -> 90 | F25: rainbow | G25: parr | I25: =SUM(K25:Q25) -> 1 | J25: =SUM(L25:Q25) -> 1 | K25: 0 | M25: 1
A26: 2023 | B26: 6' RST | C26: 05Apr23-RST-Night | D26: =DATEVALUE(LEFT(C26, SEARCH("-", C26) - 1)) -> 45021 | E26: =D26 - DATE(YEAR(D26), 1, 0) -> 95 | F26: coho | G26: fry | I26: =SUM(K26:Q26) -> 143 | J26: =SUM(L26:Q26) -> 143 | K26: 0 | M26: 30 | O26: 113
A27: 2023 | B27: 6' RST | C27: 05Apr23-RST-Night | D27: =DATEVALUE(LEFT(C27, SEARCH("-", C27) - 1)) -> 45021 | E27: =D27 - DATE(YEAR(D27), 1, 0) -> 95 | F27: chum | G27: fry | I27: =SUM(K27:Q27) -> 38 | J27: =SUM(L27:Q27) -> 38 | K27: 0 | M27: 30 | O27: 8 | R27: 1 chum mort post-processing found in bin
A28: 2023 | B28: 6' RST | C28: 05Apr23-RST-Night | D28: =DATEVALUE(LEFT(C28, SEARCH("-", C28) - 1)) -> 45021 | E28: =D28 - DATE(YEAR(D28), 1, 0) -> 95 | F28: chinook | G28: fry | H28: unclipped | I28: =SUM(K28:Q28) -> 23 | J28: =SUM(L28:Q28) -> 23 | K28: 0 | M28: 23
A29: 2023 | B29: 6' RST | C29: 05Apr23-RST-Night | D29: =DATEVALUE(LEFT(C29, SEARCH("-", C29) - 1)) -> 45021 | E29: =D29 - DATE(YEAR(D29), 1, 0) -> 95 | F29: coho | G29: smolt | I29: =SUM(K29:Q29) -> 10 | J29: =SUM(L29:Q29) -> 10 | K29: 0 | M29: 10
A30: 2023 | B30: 6' RST | C30: 06Apr23-RST-Night | D30: =DATEVALUE(LEFT(C30, SEARCH("-", C30) - 1)) -> 45022 | E30: =D30 - DATE(YEAR(D30), 1, 0) -> 96 | F30: chinook | G30: fry | H30: unclipped | I30: =SUM(K30:Q30) -> 27 | J30: =SUM(L30:Q30) -> 27 | K30: 0 | M30: 20 | P30: 7
A31: 2023 | B31: 6' RST | C31: 06Apr23-RST-Night | D31: =DATEVALUE(LEFT(C31, SEARCH("-", C31) - 1)) -> 45022 | E31: =D31 - DATE(YEAR(D31), 1, 0) -> 96 | F31: coho | G31: fry | I31: =SUM(K31:Q31) -> 178 | J31: =SUM(L31:Q31) -> 178 | K31: 0 | M31: 30 | O31: 142 | Q31: 6
A32: 2023 | B32: 6' RST | C32: 06Apr23-RST-Night | D32: =DATEVALUE(LEFT(C32, SEARCH("-", C32) - 1)) -> 45022 | E32: =D32 - DATE(YEAR(D32), 1, 0) -> 96 | F32: chum | G32: fry | I32: =SUM(K32:Q32) -> 9 | J32: =SUM(L32:Q32) -> 9 | K32: 0 | M32: 9
A33: 2023 | B33: 6' RST | C33: 06Apr23-RST-Night | D33: =DATEVALUE(LEFT(C33, SEARCH("-", C33) - 1)) -> 45022 | E33: =D33 - DATE(YEAR(D33), 1, 0) -> 96 | F33: coho | G33: smolt | I33: =SUM(K33:Q33) -> 2 | J33: =SUM(L33:Q33) -> 2 | K33: 0 | M33: 2
A34: 2023 | B34: 6' RST | C34: 06Apr23-RST-Night | D34: =DATEVALUE(LEFT(C34, SEARCH("-", C34) - 1)) -> 45022 | E34: =D34 - DATE(YEAR(D34), 1, 0) -> 96 | F34: rainbow | G34: parr | I34: =SUM(K34:Q34) -> 1 | J34: =SUM(L34:Q34) -> 1 | K34: 0 | M34: 1
A35: 2023 | B35: 6' RST | C35: 06Apr23-RST-Night | D35: =DATEVALUE(LEFT(C35, SEARCH("-", C35) - 1)) -> 45022 | E35: =D35 - DATE(YEAR(D35), 1, 0) -> 96 | F35: roughskin newt | I35: =SUM(K35:Q35) -> 1 | J35: =SUM(L35:Q35) -> 1 | K35: 0 | O35: 1
A36: 2023 | B36: 6' RST | C36: 06Apr23-RST-Night | D36: =DATEVALUE(LEFT(C36, SEARCH("-", C36) - 1)) -> 45022 | E36: =D36 - DATE(YEAR(D36), 1, 0) -> 96 | F36: western toadlet | I36: =SUM(K36:Q36) -> 2 | J36: =SUM(L36:Q36) -> 2 | K36: 0 | O36: 2 | R36: 1 may be a mort
A37: 2023 | B37: 6' RST | C37: 13Apr23-RST-Night | D37: =DATEVALUE(LEFT(C37, SEARCH("-", C37) - 1)) -> 45029 | E37: =D37 - DATE(YEAR(D37), 1, 0) -> 103 | F37: coho | G37: fry | I37: =SUM(K37:Q37) -> 228 | J37: =SUM(L37:Q37) -> 228 | K37: 0 | M37: 30 | O37: 74 | Q37: 124 | R37: 3 or more dozen morts still in funnel grate
A38: 2023 | B38: 6' RST | C38: 13Apr23-RST-Night | D38: =DATEVALUE(LEFT(C38, SEARCH("-", C38) - 1)) -> 45029 | E38: =D38 - DATE(YEAR(D38), 1, 0) -> 103 | F38: coho | G38: smolt | I38: =SUM(K38:Q38) -> 21 | J38: =SUM(L38:Q38) -> 21 | K38: 0 | M38: 21
A39: 2023 | B39: 6' RST | C39: 13Apr23-RST-Night | D39: =DATEVALUE(LEFT(C39, SEARCH("-", C39) - 1)) -> 45029 | E39: =D39 - DATE(YEAR(D39), 1, 0) -> 103 | F39: cutthroat | G39: parr | I39: =SUM(K39:Q39) -> 2 | J39: =SUM(L39:Q39) -> 2 | K39: 0 | M39: 2
A40: 2023 | B40: 6' RST | C40: 20Apr23-RST-Night | D40: =DATEVALUE(LEFT(C40, SEARCH("-", C40) - 1)) -> 45036 | E40: =D40 - DATE(YEAR(D40), 1, 0) -> 110 | F40: coho | G40: fry | I40: =SUM(K40:Q40) -> 139 | J40: =SUM(L40:Q40) -> 139 | K40: 0 | M40: 30 | O40: 80 | Q40: =16+13 -> 29
A41: 2023 | B41: 6' RST | C41: 20Apr23-RST-Night | D41: =DATEVALUE(LEFT(C41, SEARCH("-", C41) - 1)) -> 45036 | E41: =D41 - DATE(YEAR(D41), 1, 0) -> 110 | F41: stickleback | I41: =SUM(K41:Q41) -> 1 | J41: =SUM(L41:Q41) -> 1 | K41: 0 | Q41: 1
A42: 2023 | B42: 6' RST | C42: 20Apr23-RST-Night | D42: =DATEVALUE(LEFT(C42, SEARCH("-", C42) - 1)) -> 45036 | E42: =D42 - DATE(YEAR(D42), 1, 0) -> 110 | F42: coho | G42: smolt | I42: =SUM(K42:Q42) -> 13 | J42: =SUM(L42:Q42) -> 13 | K42: 0 | M42: 13
A43: 2023 | B43: 6' RST | C43: 20Apr23-RST-Night | D43: =DATEVALUE(LEFT(C43, SEARCH("-", C43) - 1)) -> 45036 | E43: =D43 - DATE(YEAR(D43), 1, 0) -> 110 | F43: chinook | G43: fry | H43: unclipped | I43: =SUM(K43:Q43) -> 5 | J43: =SUM(L43:Q43) -> 5 | K43: 0 | M43: 5
A44: 2023 | B44: 6' RST | C44: 20Apr23-RST-Night | D44: =DATEVALUE(LEFT(C44, SEARCH("-", C44) - 1)) -> 45036 | E44: =D44 - DATE(YEAR(D44), 1, 0) -> 110 | F44: chum | G44: fry | I44: =SUM(K44:Q44) -> 1 | J44: =SUM(L44:Q44) -> 1 | K44: 0 | M44: 1
A45: 2023 | B45: 6' RST | C45: 20Apr23-RST-Night | D45: =DATEVALUE(LEFT(C45, SEARCH("-", C45) - 1)) -> 45036 | E45: =D45 - DATE(YEAR(D45), 1, 0) -> 110 | F45: cutthroat | G45: parr | I45: =SUM(K45:Q45) -> 1 | J45: =SUM(L45:Q45) -> 1 | K45: 0 | M45: 1
A46: 2023 | B46: 6' RST | C46: 20Apr23-RST-Night | D46: =DATEVALUE(LEFT(C46, SEARCH("-", C46) - 1)) -> 45036 | E46: =D46 - DATE(YEAR(D46), 1, 0) -> 110 | F46: unknown | G46: fry | I46: =SUM(K46:Q46) -> 2 | J46: =SUM(L46:Q46) -> 2 | K46: 0 | Q46: 2
A47: 2023 | B47: 6' RST | C47: 21Apr23-RST-Night | D47: =DATEVALUE(LEFT(C47, SEARCH("-", C47) - 1)) -> 45037 | E47: =D47 - DATE(YEAR(D47), 1, 0) -> 111 | F47: coho | G47: fry | I47: =SUM(K47:Q47) -> 406 | J47: =SUM(L47:Q47) -> 406 | K47: 0 | M47: 60 | O47: 291 | Q47: 55
A48: 2023 | B48: 6' RST | C48: 21Apr23-RST-Night | D48: =DATEVALUE(LEFT(C48, SEARCH("-", C48) - 1)) -> 45037 | E48: =D48 - DATE(YEAR(D48), 1, 0) -> 111 | F48: coho | G48: smolt | I48: =SUM(K48:Q48) -> 2 | J48: =SUM(L48:Q48) -> 2 | K48: 0 | M48: 2
A49: 2023 | B49: 6' RST | C49: 21Apr23-RST-Night | D49: =DATEVALUE(LEFT(C49, SEARCH("-", C49) - 1)) -> 45037 | E49: =D49 - DATE(YEAR(D49), 1, 0) -> 111 | F49: chinook | G49: fry | H49: unclipped | I49: =SUM(K49:Q49) -> 4 | J49: =SUM(L49:Q49) -> 4 | K49: 0 | M49: 4
A50: 2023 | B50: 6' RST | C50: 21Apr23-RST-Night | D50: =DATEVALUE(LEFT(C50, SEARCH("-", C50) - 1)) -> 45037 | E50: =D50 - DATE(YEAR(D50), 1, 0) -> 111 | F50: coho | G50: alevin | I50: =SUM(K50:Q50) -> 7 | J50: =SUM(L50:Q50) -> 7 | K50: 0 | M50: 7
A51: 2023 | B51: 6' RST | C51: 21Apr23-RST-Night | D51: =DATEVALUE(LEFT(C51, SEARCH("-", C51) - 1)) -> 45037 | E51: =D51 - DATE(YEAR(D51), 1, 0) -> 111 | F51: rainbow | G51: fry | I51: =SUM(K51:Q51) -> 1 | J51: =SUM(L51:Q51) -> 1 | K51: 0 | M51: 1
A52: 2023 | B52: 6' RST | C52: 21Apr23-RST-Night | D52: =DATEVALUE(LEFT(C52, SEARCH("-", C52) - 1)) -> 45037 | E52: =D52 - DATE(YEAR(D52), 1, 0) -> 111 | F52: chum | G52: fry | I52: =SUM(K52:Q52) -> 2 | J52: =SUM(L52:Q52) -> 2 | K52: 0 | M52: 1 | Q52: 1
A53: 2023 | B53: 6' RST | C53: 27Apr23-RST-Day | D53: =DATEVALUE(LEFT(C53, SEARCH("-", C53) - 1)) -> 45043 | E53: =D53 - DATE(YEAR(D53), 1, 0) -> 117 | F53: coho | G53: fry | I53: =SUM(K53:Q53) -> 11 | J53: =SUM(L53:Q53) -> 11 | K53: 0 | O53: 11 | R53: DAY SHIFT
A54: 2023 | B54: 6' RST | C54: 27Apr23-RST-Day | D54: =DATEVALUE(LEFT(C54, SEARCH("-", C54) - 1)) -> 45043 | E54: =D54 - DATE(YEAR(D54), 1, 0) -> 117 | F54: chum | G54: fry | I54: =SUM(K54:Q54) -> 2 | J54: =SUM(L54:Q54) -> 2 | K54: 0 | O54: 2 | R54: DAY SHIFT
A55: 2023 | B55: 6' RST | C55: 27Apr23-RST-Day | D55: =DATEVALUE(LEFT(C55, SEARCH("-", C55) - 1)) -> 45043 | E55: =D55 - DATE(YEAR(D55), 1, 0) -> 117 | F55: coho | G55: smolt | I55: =SUM(K55:Q55) -> 1 | J55: =SUM(L55:Q55) -> 1 | K55: 0 | O55: 1 | R55: DAY SHIFT
A56: 2023 | B56: 6' RST | C56: 27Apr23-RST-Day | D56: =DATEVALUE(LEFT(C56, SEARCH("-", C56) - 1)) -> 45043 | E56: =D56 - DATE(YEAR(D56), 1, 0) -> 117 | F56: cutthroat | I56: =SUM(K56:Q56) -> 1 | J56: =SUM(L56:Q56) -> 1 | K56: 0 | Q56: 1 | R56: DAY SHIFT
A57: 2023 | B57: 6' RST | C57: 27Apr23-RST-Day | D57: =DATEVALUE(LEFT(C57, SEARCH("-", C57) - 1)) -> 45043 | E57: =D57 - DATE(YEAR(D57), 1, 0) -> 117 | F57: western toadlet | I57: =SUM(K57:Q57) -> 4 | J57: =SUM(L57:Q57) -> 4 | K57: 0 | O57: 4 | R57: DAY SHIFT
A58: 2023 | B58: 6' RST | C58: 27Apr23-RST-Day | D58: =DATEVALUE(LEFT(C58, SEARCH("-", C58) - 1)) -> 45043 | E58: =D58 - DATE(YEAR(D58), 1, 0) -> 117 | F58: roughskin newt | I58: =SUM(K58:Q58) -> 1 | J58: =SUM(L58:Q58) -> 1 | K58: 0 | O58: 1 | R58: DAY SHIFT
A59: 2023 | B59: 6' RST | C59: 27Apr23-RST-Night | D59: =DATEVALUE(LEFT(C59, SEARCH("-", C59) - 1)) -> 45043 | E59: =D59 - DATE(YEAR(D59), 1, 0) -> 117 | F59: coho | G59: fry | I59: =SUM(K59:Q59) -> 247 | J59: =SUM(L59:Q59) -> 247 | K59: 0 | M59: 45 | O59: 127 | Q59: 75
A60: 2023 | B60: 6' RST | C60: 27Apr23-RST-Night | D60: =DATEVALUE(LEFT(C60, SEARCH("-", C60) - 1)) -> 45043 | E60: =D60 - DATE(YEAR(D60), 1, 0) -> 117 | F60: roughskin newt | I60: =SUM(K60:Q60) -> 15 | J60: =SUM(L60:Q60) -> 15 | K60: 0 | O60: 15 | R60: 15 caught
A61: 2023 | B61: 6' RST | C61: 27Apr23-RST-Night | D61: =DATEVALUE(LEFT(C61, SEARCH("-", C61) - 1)) -> 45043 | E61: =D61 - DATE(YEAR(D61), 1, 0) -> 117 | F61: coho | G61: smolt | I61: =SUM(K61:Q61) -> 14 | J61: =SUM(L61:Q61) -> 14 | K61: 0 | M61: 13 | Q61: 1
A62: 2023 | B62: 6' RST | C62: 27Apr23-RST-Night | D62: =DATEVALUE(LEFT(C62, SEARCH("-", C62) - 1)) -> 45043 | E62: =D62 - DATE(YEAR(D62), 1, 0) -> 117 | F62: chinook | G62: fry | H62: unclipped | I62: =SUM(K62:Q62) -> 1 | J62: =SUM(L62:Q62) -> 1 | K62: 0 | M62: 1
A63: 2023 | B63: 6' RST | C63: 27Apr23-RST-Night | D63: =DATEVALUE(LEFT(C63, SEARCH("-", C63) - 1)) -> 45043 | E63: =D63 - DATE(YEAR(D63), 1, 0) -> 117 | F63: sculpin | I63: =SUM(K63:Q63) -> 1 | J63: =SUM(L63:Q63) -> 1 | K63: 0 | O63: 1 | R63: 1 caught
A64: 2023 | B64: 6' RST | C64: 27Apr23-RST-Night | D64: =DATEVALUE(LEFT(C64, SEARCH("-", C64) - 1)) -> 45043 | E64: =D64 - DATE(YEAR(D64), 1, 0) -> 117 | F64: stickleback | I64: =SUM(K64:Q64) -> 2 | J64: =SUM(L64:Q64) -> 2 | K64: 0 | O64: 2 | R64: 2 caught
A65: 2023 | B65: 6' RST | C65: 28Apr23-RST-Night | D65: =DATEVALUE(LEFT(C65, SEARCH("-", C65) - 1)) -> 45044 | E65: =D65 - DATE(YEAR(D65), 1, 0) -> 118 | F65: coho | G65: fry | I65: =SUM(K65:Q65) -> 231 | J65: =SUM(L65:Q65) -> 231 | K65: 0 | M65: 20 | Q65: 211
A66: 2023 | B66: 6' RST | C66: 28Apr23-RST-Night | D66: =DATEVALUE(LEFT(C66, SEARCH("-", C66) - 1)) -> 45044 | E66: =D66 - DATE(YEAR(D66), 1, 0) -> 118 | F66: coho | G66: smolt | I66: =SUM(K66:Q66) -> 47 | J66: =SUM(L66:Q66) -> 47 | K66: 0 | M66: 43 | Q66: 4
A67: 2023 | B67: 6' RST | C67: 28Apr23-RST-Night | D67: =DATEVALUE(LEFT(C67, SEARCH("-", C67) - 1)) -> 45044 | E67: =D67 - DATE(YEAR(D67), 1, 0) -> 118 | F67: chinook | G67: fry | H67: unclipped | I67: =SUM(K67:Q67) -> 3 | J67: =SUM(L67:Q67) -> 3 | K67: 0 | M67: 1 | Q67: 2
A68: 2023 | B68: 6' RST | C68: 28Apr23-RST-Night | D68: =DATEVALUE(LEFT(C68, SEARCH("-", C68) - 1)) -> 45044 | E68: =D68 - DATE(YEAR(D68), 1, 0) -> 118 | F68: rainbow | G68: parr | I68: =SUM(K68:Q68) -> 6 | J68: =SUM(L68:Q68) -> 6 | K68: 0 | M68: 6
A69: 2023 | B69: 6' RST | C69: 28Apr23-RST-Night | D69: =DATEVALUE(LEFT(C69, SEARCH("-", C69) - 1)) -> 45044 | E69: =D69 - DATE(YEAR(D69), 1, 0) -> 118 | F69: stickleback | I69: =SUM(K69:Q69) -> 2 | J69: =SUM(L69:Q69) -> 2 | K69: 0 | O69: 2
A70: 2023 | B70: 6' RST | C70: 28Apr23-RST-Night | D70: =DATEVALUE(LEFT(C70, SEARCH("-", C70) - 1)) -> 45044 | E70: =D70 - DATE(YEAR(D70), 1, 0) -> 118 | F70: sculpin | I70: =SUM(K70:Q70) -> 1 | J70: =SUM(L70:Q70) -> 1 | K70: 0 | O70: 1
A71: 2023 | B71: 6' RST | C71: 28Apr23-RST-Night | D71: =DATEVALUE(LEFT(C71, SEARCH("-", C71) - 1)) -> 45044 | E71: =D71 - DATE(YEAR(D71), 1, 0) -> 118 | F71: chum | G71: fry | I71: =SUM(K71:Q71) -> 1 | J71: =SUM(L71:Q71) -> 1 | K71: 0 | Q71: 1
A72: 2023 | B72: 6' RST | C72: 05May23-RST-Night | D72: =DATEVALUE(LEFT(C72, SEARCH("-", C72) - 1)) -> 45051 | E72: =D72 - DATE(YEAR(D72), 1, 0) -> 125 | F72: coho | G72: fry | I72: =SUM(K72:Q72) -> 187 | J72: =SUM(L72:Q72) -> 187 | K72: 0 | M72: 30 | O72: 101 | Q72: 56
A73: 2023 | B73: 6' RST | C73: 05May23-RST-Night | D73: =DATEVALUE(LEFT(C73, SEARCH("-", C73) - 1)) -> 45051 | E73: =D73 - DATE(YEAR(D73), 1, 0) -> 125 | F73: coho | G73: smolt | I73: =SUM(K73:Q73) -> 5 | J73: =SUM(L73:Q73) -> 5 | K73: 0 | M73: 5
A74: 2023 | B74: 6' RST | C74: 05May23-RST-Night | D74: =DATEVALUE(LEFT(C74, SEARCH("-", C74) - 1)) -> 45051 | E74: =D74 - DATE(YEAR(D74), 1, 0) -> 125 | F74: trout | G74: rainbow | I74: =SUM(K74:Q74) -> 1 | J74: =SUM(L74:Q74) -> 1 | K74: 0 | M74: 1
A75: 2023 | B75: 6' RST | C75: 05May23-RST-Night | D75: =DATEVALUE(LEFT(C75, SEARCH("-", C75) - 1)) -> 45051 | E75: =D75 - DATE(YEAR(D75), 1, 0) -> 125 | F75: chinook | G75: fry | H75: unclipped | I75: =SUM(K75:Q75) -> 2 | J75: =SUM(L75:Q75) -> 2 | K75: 0 | M75: 2
A76: 2023 | B76: Pole seine | C76: 05May23-POS-1 | D76: =DATEVALUE(LEFT(C76, SEARCH("-", C76) - 1)) -> 45051 | E76: =D76 - DATE(YEAR(D76), 1, 0) -> 125 | F76: coho | G76: fry | I76: =SUM(K76:Q76) -> 84 | J76: =SUM(L76:Q76) -> 84 | K76: 0 | M76: 30 | O76: 54 | R76: pole seine salvage from rod's drainage ditch
A77: 2023 | B77: Pole seine | C77: 05May23-POS-1 | D77: =DATEVALUE(LEFT(C77, SEARCH("-", C77) - 1)) -> 45051 | E77: =D77 - DATE(YEAR(D77), 1, 0) -> 125 | F77: stickleback | I77: =SUM(K77:Q77) -> 8 | J77: =SUM(L77:Q77) -> 8 | K77: 0 | M77: 8 | R77: pole seine salvage from rod's drainage ditch
A78: 2023 | B78: 6' RST | C78: 11May23-RST-Night | D78: =DATEVALUE(LEFT(C78, SEARCH("-", C78) - 1)) -> 45057 | E78: =D78 - DATE(YEAR(D78), 1, 0) -> 131 | F78: stickleback | I78: =SUM(K78:Q78) -> 0 | J78: =SUM(L78:Q78) -> 0 | K78: 0 | R78: 3 caught
A79: 2023 | B79: 6' RST | C79: 11May23-RST-Night | D79: =DATEVALUE(LEFT(C79, SEARCH("-", C79) - 1)) -> 45057 | E79: =D79 - DATE(YEAR(D79), 1, 0) -> 131 | F79: coho | G79: fry | I79: =SUM(K79:Q79) -> 524 | J79: =SUM(L79:Q79) -> 524 | K79: 0 | M79: 30 | O79: 365 | Q79: 129
A80: 2023 | B80: 6' RST | C80: 11May23-RST-Night | D80: =DATEVALUE(LEFT(C80, SEARCH("-", C80) - 1)) -> 45057 | E80: =D80 - DATE(YEAR(D80), 1, 0) -> 131 | F80: coho | G80: smolt | I80: =SUM(K80:Q80) -> 3 | J80: =SUM(L80:Q80) -> 3 | K80: 0 | M80: 3
A81: 2023 | B81: 6' RST | C81: 11May23-RST-Night | D81: =DATEVALUE(LEFT(C81, SEARCH("-", C81) - 1)) -> 45057 | E81: =D81 - DATE(YEAR(D81), 1, 0) -> 131 | F81: trout | G81: rainbow | I81: =SUM(K81:Q81) -> 1 | J81: =SUM(L81:Q81) -> 1 | K81: 0 | M81: 1
A82: 2023 | B82: 6' RST | C82: 02Jun23-RST-Night | D82: =DATEVALUE(LEFT(C82, SEARCH("-", C82) - 1)) -> 45079 | E82: =D82 - DATE(YEAR(D82), 1, 0) -> 153 | F82: coho | G82: fry | I82: =SUM(K82:Q82) -> 52 | J82: =SUM(L82:Q82) -> 52 | K82: 0 | M82: 30 | O82: 22
A83: 2023 | B83: 6' RST | C83: 02Jun23-RST-Night | D83: =DATEVALUE(LEFT(C83, SEARCH("-", C83) - 1)) -> 45079 | E83: =D83 - DATE(YEAR(D83), 1, 0) -> 153 | F83: coho | G83: smolt | I83: =SUM(K83:Q83) -> 4 | J83: =SUM(L83:Q83) -> 4 | K83: 0 | M83: 4
A84: 2023 | B84: 6' RST | C84: 02Jun23-RST-Night | D84: =DATEVALUE(LEFT(C84, SEARCH("-", C84) - 1)) -> 45079 | E84: =D84 - DATE(YEAR(D84), 1, 0) -> 153 | F84: chinook | G84: fry | H84: unclipped | I84: =SUM(K84:Q84) -> 1 | J84: =SUM(L84:Q84) -> 1 | K84: 0 | M84: 1
A85: 2023 | B85: 6' RST | C85: 02Jun23-RST-Night | D85: =DATEVALUE(LEFT(C85, SEARCH("-", C85) - 1)) -> 45079 | E85: =D85 - DATE(YEAR(D85), 1, 0) -> 153 | F85: sculpin | I85: =SUM(K85:Q85) -> 1 | J85: =SUM(L85:Q85) -> 1 | K85: 0 | O85: 1
A86: 2023 | B86: 6' RST | C86: 02Jun23-RST-Night | D86: =DATEVALUE(LEFT(C86, SEARCH("-", C86) - 1)) -> 45079 | E86: =D86 - DATE(YEAR(D86), 1, 0) -> 153 | F86: lamprey | I86: =SUM(K86:Q86) -> 1 | J86: =SUM(L86:Q86) -> 1 | K86: 0 | O86: 1
A87: 2023 | B87: 6' RST | C87: 02Jun23-RST-Night | D87: =DATEVALUE(LEFT(C87, SEARCH("-", C87) - 1)) -> 45079 | E87: =D87 - DATE(YEAR(D87), 1, 0) -> 153 | F87: stickleback | I87: =SUM(K87:Q87) -> 2 | J87: =SUM(L87:Q87) -> 2 | K87: 0 | O87: 2
A88: 2023 | B88: 6' RST | C88: 08Jun23-RST-Night | D88: =DATEVALUE(LEFT(C88, SEARCH("-", C88) - 1)) -> 45085 | E88: =D88 - DATE(YEAR(D88), 1, 0) -> 159 | F88: sculpin | I88: =SUM(K88:Q88) -> 5 | J88: =SUM(L88:Q88) -> 5 | K88: 0 | O88: 5
A89: 2023 | B89: 6' RST | C89: 08Jun23-RST-Night | D89: =DATEVALUE(LEFT(C89, SEARCH("-", C89) - 1)) -> 45085 | E89: =D89 - DATE(YEAR(D89), 1, 0) -> 159 | F89: lamprey | I89: =SUM(K89:Q89) -> 1 | J89: =SUM(L89:Q89) -> 1 | K89: 0 | O89: 1
A90: 2023 | B90: 6' RST | C90: 08Jun23-RST-Night | D90: =DATEVALUE(LEFT(C90, SEARCH("-", C90) - 1)) -> 45085 | E90: =D90 - DATE(YEAR(D90), 1, 0) -> 159 | F90: stickleback | I90: =SUM(K90:Q90) -> 2 | J90: =SUM(L90:Q90) -> 2 | K90: 0 | O90: 2
A91: 2023 | B91: 6' RST | C91: 08Jun23-RST-Night | D91: =DATEVALUE(LEFT(C91, SEARCH("-", C91) - 1)) -> 45085 | E91: =D91 - DATE(YEAR(D91), 1, 0) -> 159 | F91: coho | G91: fry | I91: =SUM(K91:Q91) -> 108 | J91: =SUM(L91:Q91) -> 108 | K91: 0 | M91: 30 | O91: 77 | Q91: 1
A92: 2023 | B92: 6' RST | C92: 08Jun23-RST-Night | D92: =DATEVALUE(LEFT(C92, SEARCH("-", C92) - 1)) -> 45085 | E92: =D92 - DATE(YEAR(D92), 1, 0) -> 159 | F92: coho | G92: smolt | I92: =SUM(K92:Q92) -> 2 | J92: =SUM(L92:Q92) -> 2 | K92: 0 | M92: 2
A93: 2023 | B93: 6' RST | C93: 09Jun23-RST-Night | D93: =DATEVALUE(LEFT(C93, SEARCH("-", C93) - 1)) -> 45086 | E93: =D93 - DATE(YEAR(D93), 1, 0) -> 160 | F93: coho | G93: fry | I93: =SUM(K93:Q93) -> 47 | J93: =SUM(L93:Q93) -> 47 | K93: 0 | M93: 30 | O93: 17
A94: 2023 | B94: 6' RST | C94: 09Jun23-RST-Night | D94: =DATEVALUE(LEFT(C94, SEARCH("-", C94) - 1)) -> 45086 | E94: =D94 - DATE(YEAR(D94), 1, 0) -> 160 | F94: western toadlet | I94: =SUM(K94:Q94) -> 1 | J94: =SUM(L94:Q94) -> 1 | K94: 0 | O94: 1
A95: 2023 | B95: 6' RST | C95: 09Jun23-RST-Night | D95: =DATEVALUE(LEFT(C95, SEARCH("-", C95) - 1)) -> 45086 | E95: =D95 - DATE(YEAR(D95), 1, 0) -> 160 | F95: stickleback | I95: =SUM(K95:Q95) -> 1 | J95: =SUM(L95:Q95) -> 1 | K95: 0 | O95: 1
A96: 2023 | B96: 6' RST | C96: 09Jun23-RST-Night | D96: =DATEVALUE(LEFT(C96, SEARCH("-", C96) - 1)) -> 45086 | E96: =D96 - DATE(YEAR(D96), 1, 0) -> 160 | F96: sculpin | I96: =SUM(K96:Q96) -> 1 | J96: =SUM(L96:Q96) -> 1 | K96: 0 | O96: 1
A97: 2023 | B97: 6' RST | C97: 09Jun23-RST-Night | D97: =DATEVALUE(LEFT(C97, SEARCH("-", C97) - 1)) -> 45086 | E97: =D97 - DATE(YEAR(D97), 1, 0) -> 160 | F97: chum | G97: fry | I97: =SUM(K97:Q97) -> 1 | J97: =SUM(L97:Q97) -> 1 | K97: 0 | M97: 1
A98: 2023 | B98: 6' RST | C98: 09Jun23-RST-Night | D98: =DATEVALUE(LEFT(C98, SEARCH("-", C98) - 1)) -> 45086 | E98: =D98 - DATE(YEAR(D98), 1, 0) -> 160 | F98: rainbow | I98: =SUM(K98:Q98) -> 1 | J98: =SUM(L98:Q98) -> 1 | K98: 0 | M98: 1
A99: 2023 | B99: 6' RST | C99: 15Jun23-RST-Night | D99: =DATEVALUE(LEFT(C99, SEARCH("-", C99) - 1)) -> 45092 | E99: =D99 - DATE(YEAR(D99), 1, 0) -> 166 | F99: coho | G99: fry | I99: =SUM(K99:Q99) -> 105 | J99: =SUM(L99:Q99) -> 105 | K99: 0 | M99: 30 | O99: 75
A100: 2023 | B100: 6' RST | C100: 15Jun23-RST-Night | D100: =DATEVALUE(LEFT(C100, SEARCH("-", C100) - 1)) -> 45092 | E100: =D100 - DATE(YEAR(D100), 1, 0) -> 166 | F100: stickleback | I100: =SUM(K100:Q100) -> 2 | J100: =SUM(L100:Q100) -> 2 | K100: 0 | O100: 1 | Q100: 1
...

Sheet biosampling
A1: year | B1: gear | C1: usid | D1: date | E1: DOY | F1: species | G1: life_stage | H1: length | I1: height | J1: weight | K1: ad_clip | L1: cwt | M1: hatchery_origin | N1: lethal_tag_no | O1: RNA_vial | P1: DNA_vial | Q1: frozen_lethal | R1: company_st_analysis | S1: stomach_results_received | T1: SF_hemo | U1: SF_erosion_rot | V1: SF_finmouth_rot | W1: SF_ulcer | X1: S_xs_mucous | Y1: G_pale | Z1: G_erosion | AA1: G_whitespots | AB1: other_clinical | AC1: n_motile_sealice | AD1: comments | AE1: condition_factor_QC | AF1: sampler | AG1: sampling_date | AH1: lab_dna_clip_yn | AI1: lab_gill_clip_yn | AJ1: cwt_yn | AK1: cwt_code | AL1: adipose_clip_yn | AM1: lab_length_mm | AN1: lab_height_mm | AO1: lab_weight_g | AP1: whole_muscle | AQ1: otolith_box | AR1: otolith_vial | AS1: scale_book | AT1: scale_cell | AU1: stomach_bag | AV1: mgl_gill_yn | AW1: mgl_muscle_yn | AX1: mgl_liver_yn | AY1: mgl_spleen_yn | AZ1: mgl_antkidney_yn | BA1: mgl_heart_yn | BB1: mgl_brain_yn | BC1: mgl_stomach_swab_yn | BD1: biotoxin_gill_yn | BE1: biotoxin_liver_yn | BF1: oto_sent_to_IOS? | BG1: comments_sampling | BH1: DNA_Submission_File
A2: 2023 | B2: 6' RST | C2: 24Mar23-RST-N | D2: =DATEVALUE(LEFT(C2, SEARCH("-", C2) - 1)) -> 45009 | E2: =D2 - DATE(YEAR(D2), 1, 0) -> 83 | F2: chum | G2: fry | H2: 42 | J2: 0.58 | K2: N | M2: N | Q2: N | T2: N | U2: N | V2: N | W2: N | X2: N | Y2: N | Z2: N | AA2: N | AB2: N | AD2: mort - practice sample (NOT INCLUDED IN SAMPLED TOTAL, included in morts total) | AE2: =IF(J2="", "", 100000*(J2/(H2^3))) -> 0.78285282
A3: 2023 | B3: 6' RST | C3: 24Mar23-RST-N | D3: =DATEVALUE(LEFT(C3, SEARCH("-", C3) - 1)) -> 45009 | E3: =D3 - DATE(YEAR(D3), 1, 0) -> 83 | F3: coho | G3: fry | H3: 38 | J3: 0.67 | K3: N | M3: N | Q3: N | T3: N | U3: N | V3: N | W3: N | X3: N | Y3: N | Z3: N | AA3: N | AB3: N | AE3: =IF(J3="", "", 100000*(J3/(H3^3))) -> 1.2210235
A4: 2023 | B4: 6' RST | C4: 24Mar23-RST-N | D4: =DATEVALUE(LEFT(C4, SEARCH("-", C4) - 1)) -> 45009 | E4: =D4 - DATE(YEAR(D4), 1, 0) -> 83 | F4: chinook | G4: fry | H4: 41 | J4: 0.69 | K4: N | M4: N | Q4: N | T4: N | U4: N | V4: N | W4: N | X4: N | Y4: N | Z4: N | AA4: N | AB4: N | AE4: =IF(J4="", "", 100000*(J4/(H4^3))) -> 1.0011462
A5: 2023 | B5: 6' RST | C5: 24Mar23-RST-N | D5: =DATEVALUE(LEFT(C5, SEARCH("-", C5) - 1)) -> 45009 | E5: =D5 - DATE(YEAR(D5), 1, 0) -> 83 | F5: coho | G5: smolt | H5: 70 | J5: 3.72 | K5: N | M5: N | Q5: N | T5: N | U5: N | V5: N | W5: N | X5: N | Y5: N | Z5: N | AA5: N | AB5: N | AE5: =IF(J5="", "", 100000*(J5/(H5^3))) -> 1.0845481
A6: 2023 | B6: 6' RST | C6: 24Mar23-RST-N | D6: =DATEVALUE(LEFT(C6, SEARCH("-", C6) - 1)) -> 45009 | E6: =D6 - DATE(YEAR(D6), 1, 0) -> 83 | F6: coho | G6: fry | H6: 36 | J6: 0.48 | K6: N | M6: N | Q6: N | T6: N | U6: N | V6: N | W6: N | X6: N | Y6: N | Z6: N | AA6: N | AB6: N | AE6: =IF(J6="", "", 100000*(J6/(H6^3))) -> 1.0288066
A7: 2023 | B7: 6' RST | C7: 24Mar23-RST-N | D7: =DATEVALUE(LEFT(C7, SEARCH("-", C7) - 1)) -> 45009 | E7: =D7 - DATE(YEAR(D7), 1, 0) -> 83 | F7: coho | G7: smolt | H7: 71 | J7: 3.92 | K7: N | M7: N | Q7: N | T7: N | U7: N | V7: N | W7: N | X7: N | Y7: N | Z7: N | AA7: N | AB7: N | AE7: =IF(J7="", "", 100000*(J7/(H7^3))) -> 1.0952443
A8: 2023 | B8: 6' RST | C8: 24Mar23-RST-N | D8: =DATEVALUE(LEFT(C8, SEARCH("-", C8) - 1)) -> 45009 | E8: =D8 - DATE(YEAR(D8), 1, 0) -> 83 | F8: coho | G8: fry | H8: 43 | J8: 0.74 | K8: N | M8: N | Q8: N | T8: N | U8: N | V8: N | W8: N | X8: N | Y8: N | Z8: N | AA8: N | AB8: N | AE8: =IF(J8="", "", 100000*(J8/(H8^3))) -> 0.93073566
A9: 2023 | B9: 6' RST | C9: 24Mar23-RST-N | D9: =DATEVALUE(LEFT(C9, SEARCH("-", C9) - 1)) -> 45009 | E9: =D9 - DATE(YEAR(D9), 1, 0) -> 83 | F9: coho | G9: fry | H9: 42 | J9: 0.69 | K9: N | M9: N | Q9: N | T9: N | U9: N | V9: N | W9: N | X9: N | Y9: N | Z9: N | AA9: N | AB9: N | AE9: =IF(J9="", "", 100000*(J9/(H9^3))) -> 0.93132491
A10: 2023 | B10: 6' RST | C10: 24Mar23-RST-N | D10: =DATEVALUE(LEFT(C10, SEARCH("-", C10) - 1)) -> 45009 | E10: =D10 - DATE(YEAR(D10), 1, 0) -> 83 | F10: coho | G10: fry | H10: 36 | J10: 0.48 | K10: N | M10: N | Q10: N | T10: N | U10: N | V10: N | W10: N | X10: N | Y10: N | Z10: N | AA10: N | AB10: N | AE10: =IF(J10="", "", 100000*(J10/(H10^3))) -> 1.0288066
A11: 2023 | B11: 6' RST | C11: 24Mar23-RST-N | D11: =DATEVALUE(LEFT(C11, SEARCH("-", C11) - 1)) -> 45009 | E11: =D11 - DATE(YEAR(D11), 1, 0) -> 83 | F11: coho | G11: fry | H11: 40 | J11: 0.7 | K11: N | M11: N | Q11: N | T11: N | U11: N | V11: N | W11: N | X11: N | Y11: N | Z11: N | AA11: N | AB11: N | AE11: =IF(J11="", "", 100000*(J11/(H11^3))) -> 1.09375
A12: 2023 | B12: 6' RST | C12: 24Mar23-RST-N | D12: =DATEVALUE(LEFT(C12, SEARCH("-", C12) - 1)) -> 45009 | E12: =D12 - DATE(YEAR(D12), 1, 0) -> 83 | F12: coho | G12: fry | H12: 39 | J12: 0.48 | K12: N | M12: N | Q12: N | T12: N | U12: N | V12: N | W12: N | X12: N | Y12: N | Z12: N | AA12: N | AB12: N | AE12: =IF(J12="", "", 100000*(J12/(H12^3))) -> 0.80918424
A13: 2023 | B13: 6' RST | C13: 24Mar23-RST-N | D13: =DATEVALUE(LEFT(C13, SEARCH("-", C13) - 1)) -> 45009 | E13: =D13 - DATE(YEAR(D13), 1, 0) -> 83 | F13: rainbow | G13: parr | H13: 80 | J13: 5.47 | K13: N | M13: N | Q13: N | T13: N | U13: N | V13: N | W13: N | X13: N | Y13: N | Z13: N | AA13: N | AB13: N | AE13: =IF(J13="", "", 100000*(J13/(H13^3))) -> 1.0683594
A14: 2023 | B14: 6' RST | C14: 24Mar23-RST-N | D14: =DATEVALUE(LEFT(C14, SEARCH("-", C14) - 1)) -> 45009 | E14: =D14 - DATE(YEAR(D14), 1, 0) -> 83 | F14: coho | G14: fry | H14: 37 | J14: 0.55 | K14: N | M14: N | Q14: N | T14: N | U14: N | V14: N | W14: N | X14: N | Y14: N | Z14: N | AA14: N | AB14: N | AE14: =IF(J14="", "", 100000*(J14/(H14^3))) -> 1.0858192
... A63: 2023 | B63: 6' RST | C63: 30Mar23-RST-N | D63: =DATEVALUE(LEFT(C63, SEARCH("-", C63) - 1)) -> 45015 | E63: =D63 - DATE(YEAR(D63), 1, 0) -> 89 | F63: chum | G63: fry | H63: 38 | J63: 0.4 | K63: N | M63: N | Q63: N | T63: N | U63: N | V63: N | W63: N | X63: N | Y63: N | Z63: N | AA63: N | AB63: N | AE63: =IF(J63="", "", 100000*(J63/(H63^3))) -> 0.72896924
A64: 2023 | B64: 6' RST | C64: 30Mar23-RST-N | D64: =DATEVALUE(LEFT(C64, SEARCH("-", C64) - 1)) -> 45015 | E64: =D64 - DATE(YEAR(D64), 1, 0) -> 89 | F64: chum | G64: fry | H64: 39 | J64: 0.4 | K64: N | M64: N | Q64: N | T64: N | U64: N | V64: N | W64: N | X64: N | Y64: N | Z64: N | AA64: N | AB64: Y | AD64: gill exposed | AE64: =IF(J64="", "", 100000*(J64/(H64^3))) -> 0.6743202
A65: 2023 | B65: 6' RST | C65: 30Mar23-RST-N | D65: =DATEVALUE(LEFT(C65, SEARCH("-", C65) - 1)) -> 45015 | E65: =D65 - DATE(YEAR(D65), 1, 0) -> 89 | F65: chum | G65: fry | H65: 40 | J65: 0.48 | K65: N | M65: N | Q65: N | T65: N | U65: N | V65: N | W65: N | X65: N | Y65: N | Z65: N | AA65: N | AB65: N | AE65: =IF(J65="", "", 100000*(J65/(H65^3))) -> 0.75
A66: 2023 | B66: 6' RST | C66: 30Mar23-RST-N | D66: =DATEVALUE(LEFT(C66, SEARCH("-", C66) - 1)) -> 45015 | E66: =D66 - DATE(YEAR(D66), 1, 0) -> 89 | F66: chum | G66: fry | H66: 41 | J66: 0.51 | K66: N | M66: N | Q66: N | T66: N | U66: N | V66: N | W66: N | X66: N | Y66: N | Z66: N | AA66: N | AB66: N | AE66: =IF(J66="", "", 100000*(J66/(H66^3))) -> 0.73997766
A67: 2023 | B67: 6' RST | C67: 30Mar23-RST-N | D67: =DATEVALUE(LEFT(C67, SEARCH("-", C67) - 1)) -> 45015 | E67: =D67 - DATE(YEAR(D67), 1, 0) -> 89 | F67: chum | G67: fry | H67: 37 | J67: 0.43 | K67: N | M67: N | Q67: N | T67: N | U67: N | V67: N | W67: N | X67: N | Y67: N | Z67: N | AA67: N | AB67: N | AE67: =IF(J67="", "", 100000*(J67/(H67^3))) -> 0.84891319
A68: 2023 | B68: 6' RST | C68: 30Mar23-RST-N | D68: =DATEVALUE(LEFT(C68, SEARCH("-", C68) - 1)) -> 45015 | E68: =D68 - DATE(YEAR(D68), 1, 0) -> 89 | F68: chum | G68: fry | H68: 39 | J68: 0.47 | K68: N | M68: N | Q68: N | T68: N | U68: N | V68: N | W68: N | X68: N | Y68: N | Z68: N | AA68: N | AB68: N | AE68: =IF(J68="", "", 100000*(J68/(H68^3))) -> 0.79232624
A69: 2023 | B69: 6' RST | C69: 30Mar23-RST-N | D69: =DATEVALUE(LEFT(C69, SEARCH("-", C69) - 1)) -> 45015 | E69: =D69 - DATE(YEAR(D69), 1, 0) -> 89 | F69: chum | G69: fry | H69: 40 | J69: 0.43 | K69: N | M69: N | Q69: N | T69: N | U69: N | V69: N | W69: N | X69: N | Y69: N | Z69: N | AA69: N | AB69: N | AE69: =IF(J69="", "", 100000*(J69/(H69^3))) -> 0.671875
A70: 2023 | B70: 6' RST | C70: 30Mar23-RST-N | D70: =DATEVALUE(LEFT(C70, SEARCH("-", C70) - 1)) -> 45015 | E70: =D70 - DATE(YEAR(D70), 1, 0) -> 89 | F70: chum | G70: fry | H70: 40 | J70: 0.5 | K70: N | M70: N | Q70: N | T70: N | U70: N | V70: N | W70: N | X70: N | Y70: N | Z70: N | AA70: N | AB70: N | AE70: =IF(J70="", "", 100000*(J70/(H70^3))) -> 0.78125
A71: 2023 | B71: 6' RST | C71: 30Mar23-RST-N | D71: =DATEVALUE(LEFT(C71, SEARCH("-", C71) - 1)) -> 45015 | E71: =D71 - DATE(YEAR(D71), 1, 0) -> 89 | F71: chum | G71: fry | H71: 42 | J71: 0.48 | K71: N | M71: N | Q71: N | T71: N | U71: N | V71: N | W71: N | X71: N | Y71: N | Z71: N | AA71: N | AB71: N | AE71: =IF(J71="", "", 100000*(J71/(H71^3))) -> 0.6478782
A72: 2023 | B72: 6' RST | C72: 30Mar23-RST-N | D72: =DATEVALUE(LEFT(C72, SEARCH("-", C72) - 1)) -> 45015 | E72: =D72 - DATE(YEAR(D72), 1, 0) -> 89 | F72: chum | G72: fry | H72: 39 | J72: 0.41 | K72: N | M72: N | Q72: N | T72: N | U72: N | V72: N | W72: N | X72: N | Y72: N | Z72: N | AA72: N | AB72: Y | AD72: missing eye | AE72: =IF(J72="", "", 100000*(J72/(H72^3))) -> 0.69117821
A73: 2023 | B73: 6' RST | C73: 30Mar23-RST-N | D73: =DATEVALUE(LEFT(C73, SEARCH("-", C73) - 1)) -> 45015 | E73: =D73 - DATE(YEAR(D73), 1, 0) -> 89 | F73: chum | G73: fry | H73: 41 | J73: 0.5 | K73: N | M73: N | Q73: N | T73: N | U73: N | V73: N | W73: N | X73: N | Y73: N | Z73: N | AA73: N | AB73: N | AE73: =IF(J73="", "", 100000*(J73/(H73^3))) -> 0.72546829
A74: 2023 | B74: 6' RST | C74: 30Mar23-RST-N | D74: =DATEVALUE(LEFT(C74, SEARCH("-", C74) - 1)) -> 45015 | E74: =D74 - DATE(YEAR(D74), 1, 0) -> 89 | F74: coho | G74: fry | H74: 36 | J74: 0.48 | K74: N | M74: N | Q74: N | T74: N | U74: N | V74: N | W74: N | X74: N | Y74: N | Z74: N | AA74: N | AB74: N | AD74: mort | AE74: =IF(J74="", "", 100000*(J74/(H74^3))) -> 1.0288066
A75: 2023 | B75: 6' RST | C75: 30Mar23-RST-N | D75: =DATEVALUE(LEFT(C75, SEARCH("-", C75) - 1)) -> 45015 | E75: =D75 - DATE(YEAR(D75), 1, 0) -> 89 | F75: coho | G75: fry | H75: 36 | J75: 0.43 | K75: N | M75: N | Q75: N | T75: N | U75: N | V75: N | W75: N | X75: N | Y75: N | Z75: N | AA75: N | AB75: N | AE75: =IF(J75="", "", 100000*(J75/(H75^3))) -> 0.92163923
A76: 2023 | B76: 6' RST | C76: 30Mar23-RST-N | D76: =DATEVALUE(LEFT(C76, SEARCH("-", C76) - 1)) -> 45015 | E76: =D76 - DATE(YEAR(D76), 1, 0) -> 89 | F76: coho | G76: fry | H76: 37 | J76: 0.46 | K76: N | M76: N | Q76: N | T76: N | U76: N | V76: N | W76: N | X76: N | Y76: N | Z76: N | AA76: N | AB76: N | AE76: =IF(J76="", "", 100000*(J76/(H76^3))) -> 0.9081397
A77: 2023 | B77: 6' RST | C77: 30Mar23-RST-N | D77: =DATEVALUE(LEFT(C77, SEARCH("-", C77) - 1)) -> 45015 | E77: =D77 - DATE(YEAR(D77), 1, 0) -> 89 | F77: coho | G77: fry | H77: 37 | J77: 0.45 | K77: N | M77: N | Q77: N | T77: N | U77: N | V77: N | W77: N | X77: N | Y77: N | Z77: N | AA77: N | AB77: N | AE77: =IF(J77="", "", 100000*(J77/(H77^3))) -> 0.88839753
A78: 2023 | B78: 6' RST | C78: 30Mar23-RST-N | D78: =DATEVALUE(LEFT(C78, SEARCH("-", C78) - 1)) -> 45015 | E78: =D78 - DATE(YEAR(D78), 1, 0) -> 89 | F78: coho | G78: fry | H78: 36 | J78: 0.44 | K78: N | M78: N | Q78: N | T78: N | U78: N | V78: N | W78: N | X78: N | Y78: N | Z78: N | AA78: N | AB78: N | AE78: =IF(J78="", "", 100000*(J78/(H78^3))) -> 0.9430727
A79: 2023 | B79: 6' RST | C79: 30Mar23-RST-N | D79: =DATEVALUE(LEFT(C79, SEARCH("-", C79) - 1)) -> 45015 | E79: =D79 - DATE(YEAR(D79), 1, 0) -> 89 | F79: coho | G79: fry | H79: 38 | J79: 0.44 | K79: N | M79: N | Q79: N | T79: N | U79: N | V79: N | W79: N | X79: N | Y79: N | Z79: N | AA79: N | AB79: N | AE79: =IF(J79="", "", 100000*(J79/(H79^3))) -> 0.80186616
A80: 2023 | B80: 6' RST | C80: 30Mar23-RST-N | D80: =DATEVALUE(LEFT(C80, SEARCH("-", C80) - 1)) -> 45015 | E80: =D80 - DATE(YEAR(D80), 1, 0) -> 89 | F80: coho | G80: fry | H80: 36 | J80: 0.48 | K80: N | M80: N | Q80: N | T80: N | U80: N | V80: N | W80: N | X80: N | Y80: N | Z80: N | AA80: N | AB80: Y | AD80: split dorsal fin | AE80: =IF(J80="", "", 100000*(J80/(H80^3))) -> 1.0288066
A81: 2023 | B81: 6' RST | C81: 30Mar23-RST-N | D81: =DATEVALUE(LEFT(C81, SEARCH("-", C81) - 1)) -> 45015 | E81: =D81 - DATE(YEAR(D81), 1, 0) -> 89 | F81: coho | G81: fry | H81: 37 | J81: 0.49 | K81: N | M81: N | Q81: N | T81: N | U81: N | V81: N | W81: N | X81: N | Y81: N | Z81: N | AA81: N | AB81: N | AE81: =IF(J81="", "", 100000*(J81/(H81^3))) -> 0.9673662
A82: 2023 | B82: 6' RST | C82: 30Mar23-RST-N | D82: =DATEVALUE(LEFT(C82, SEARCH("-", C82) - 1)) -> 45015 | E82: =D82 - DATE(YEAR(D82), 1, 0) -> 89 | F82: coho | G82: fry | H82: 34 | J82: 0.37 | K82: N | M82: N | Q82: N | T82: N | U82: N | V82: N | W82: N | X82: N | Y82: N | Z82: N | AA82: N | AB82: N | AE82: =IF(J82="", "", 100000*(J82/(H82^3))) -> 0.94138001
A83: 2023 | B83: 6' RST | C83: 30Mar23-RST-N | D83: =DATEVALUE(LEFT(C83, SEARCH("-", C83) - 1)) -> 45015 | E83: =D83 - DATE(YEAR(D83), 1, 0) -> 89 | F83: coho | G83: fry | H83: 37 | J83: 0.45 | K83: N | M83: N | Q83: N | T83: N | U83: N | V83: N | W83: N | X83: N | Y83: N | Z83: N | AA83: N | AB83: N | AE83: =IF(J83="", "", 100000*(J83/(H83^3))) -> 0.88839753
A84: 2023 | B84: 6' RST | C84: 30Mar23-RST-N | D84: =DATEVALUE(LEFT(C84, SEARCH("-", C84) - 1)) -> 45015 | E84: =D84 - DATE(YEAR(D84), 1, 0) -> 89 | F84: coho | G84: fry | H84: 38 | J84: 0.47 | K84: N | M84: N | Q84: N | T84: N | U84: N | V84: N | W84: N | X84: N | Y84: N | Z84: N | AA84: N | AB84: N | AE84: =IF(J84="", "", 100000*(J84/(H84^3))) -> 0.85653885
A85: 2023 | B85: 6' RST | C85: 30Mar23-RST-N | D85: =DATEVALUE(LEFT(C85, SEARCH("-", C85) - 1)) -> 45015 | E85: =D85 - DATE(YEAR(D85), 1, 0) -> 89 | F85: coho | G85: fry | H85: 36 | J85: 0.43 | K85: N | M85: N | Q85: N | T85: N | U85: N | V85: N | W85: N | X85: N | Y85: N | Z85: N | AA85: N | AB85: N | AE85: =IF(J85="", "", 100000*(J85/(H85^3))) -> 0.92163923
A86: 2023 | B86: 6' RST | C86: 30Mar23-RST-N | D86: =DATEVALUE(LEFT(C86, SEARCH("-", C86) - 1)) -> 45015 | E86: =D86 - DATE(YEAR(D86), 1, 0) -> 89 | F86: coho | G86: fry | H86: 36 | J86: 0.43 | K86: N | M86: N | Q86: N | T86: N | U86: N | V86: N | W86: N | X86: N | Y86: N | Z86: N | AA86: N | AB86: N | AE86: =IF(J86="", "", 100000*(J86/(H86^3))) -> 0.92163923
A87: 2023 | B87: 6' RST | C87: 30Mar23-RST-N | D87: =DATEVALUE(LEFT(C87, SEARCH("-", C87) - 1)) -> 45015 | E87: =D87 - DATE(YEAR(D87), 1, 0) -> 89 | F87: coho | G87: fry | H87: 36 | J87: 0.44 | K87: N | M87: N | Q87: N | T87: N | U87: N | V87: N | W87: N | X87: N | Y87: N | Z87: N | AA87: N | AB87: N | AE87: =IF(J87="", "", 100000*(J87/(H87^3))) -> 0.9430727
A88: 2023 | B88: 6' RST | C88: 30Mar23-RST-N | D88: =DATEVALUE(LEFT(C88, SEARCH("-", C88) - 1)) -> 45015 | E88: =D88 - DATE(YEAR(D88), 1, 0) -> 89 | F88: coho | G88: fry | H88: 38 | J88: 0.47 | K88: N | M88: N | Q88: N | T88: N | U88: N | V88: N | W88: N | X88: N | Y88: N | Z88: N | AA88: N | AB88: N | AE88: =IF(J88="", "", 100000*(J88/(H88^3))) -> 0.85653885
A89: 2023 | B89: 6' RST | C89: 30Mar23-RST-N | D89: =DATEVALUE(LEFT(C89, SEARCH("-", C89) - 1)) -> 45015 | E89: =D89 - DATE(YEAR(D89), 1, 0) -> 89 | F89: coho | G89: fry | H89: 37 | J89: 0.42 | K89: N | M89: N | Q89: N | T89: N | U89: N | V89: N | W89: N | X89: N | Y89: N | Z89: N | AA89: N | AB89: N | AE89: =IF(J89="", "", 100000*(J89/(H89^3))) -> 0.82917103
A90: 2023 | B90: 6' RST | C90: 30Mar23-RST-N | D90: =DATEVALUE(LEFT(C90, SEARCH("-", C90) - 1)) -> 45015 | E90: =D90 - DATE(YEAR(D90), 1, 0) -> 89 | F90: coho | G90: fry | H90: 36 | J90: 0.41 | K90: N | M90: N | Q90: N | T90: N | U90: N | V90: N | W90: N | X90: N | Y90: N | Z90: N | AA90: N | AB90: N | AE90: =IF(J90="", "", 100000*(J90/(H90^3))) -> 0.87877229
A91: 2023 | B91: 6' RST | C91: 30Mar23-RST-N | D91: =DATEVALUE(LEFT(C91, SEARCH("-", C91) - 1)) -> 45015 | E91: =D91 - DATE(YEAR(D91), 1, 0) -> 89 | F91: coho | G91: fry | H91: 38 | J91: 0.49 | K91: N | M91: N | Q91: N | T91: N | U91: N | V91: N | W91: N | X91: N | Y91: N | Z91: N | AA91: N | AB91: N | AE91: =IF(J91="", "", 100000*(J91/(H91^3))) -> 0.89298732
A92: 2023 | B92: 6' RST | C92: 30Mar23-RST-N | D92: =DATEVALUE(LEFT(C92, SEARCH("-", C92) - 1)) -> 45015 | E92: =D92 - DATE(YEAR(D92), 1, 0) -> 89 | F92: coho | G92: fry | H92: 36 | J92: 0.43 | K92: N | M92: N | Q92: N | T92: N | U92: N | V92: N | W92: N | X92: N | Y92: N | Z92: N | AA92: N | AB92: N | AE92: =IF(J92="", "", 100000*(J92/(H92^3))) -> 0.92163923
... A173: 2023 | B173: 6' RST | C173: 31Mar23-RST-N | D173: =DATEVALUE(LEFT(C173, SEARCH("-", C173) - 1)) -> 45016 | E173: =D173 - DATE(YEAR(D173), 1, 0) -> 90 | F173: coho | G173: fry | H173: 34 | J173: 0.42 | K173: N | M173: N | Q173: N | T173: N | U173: N | V173: N | W173: N | X173: N | Y173: N | Z173: N | AA173: N | AB173: N | AE173: =IF(J173="", "", 100000*(J173/(H173^3))) -> 1.0685935
A174: 2023 | B174: 6' RST | C174: 31Mar23-RST-N | D174: =DATEVALUE(LEFT(C174, SEARCH("-", C174) - 1)) -> 45016 | E174: =D174 - DATE(YEAR(D174), 1, 0) -> 90 | F174: coho | G174: fry | H174: 37 | J174: 0.46 | K174: N | M174: N | Q174: N | T174: Y | U174: N | V174: N | W174: N | X174: N | Y174: N | Z174: N | AA174: N | AB174: N | AD174: injury on left side | AE174: =IF(J174="", "", 100000*(J174/(H174^3))) -> 0.9081397
A175: 2023 | B175: 6' RST | C175: 31Mar23-RST-N | D175: =DATEVALUE(LEFT(C175, SEARCH("-", C175) - 1)) -> 45016 | E175: =D175 - DATE(YEAR(D175), 1, 0) -> 90 | F175: coho | G175: fry | H175: 36 | J175: 0.44 | K175: N | M175: N | Q175: N | T175: N | U175: N | V175: N | W175: N | X175: N | Y175: N | Z175: N | AA175: N | AB175: N | AE175: =IF(J175="", "", 100000*(J175/(H175^3))) -> 0.9430727
A176: 2023 | B176: 6' RST | C176: 31Mar23-RST-N | D176: =DATEVALUE(LEFT(C176, SEARCH("-", C176) - 1)) -> 45016 | E176: =D176 - DATE(YEAR(D176), 1, 0) -> 90 | F176: coho | G176: fry | H176: 35 | J176: 0.41 | K176: N | M176: N | Q176: N | T176: N | U176: N | V176: N | W176: N | X176: N | Y176: N | Z176: N | AA176: N | AB176: N | AE176: =IF(J176="", "", 100000*(J176/(H176^3))) -> 0.95626822
A177: 2023 | B177: 6' RST | C177: 31Mar23-RST-N | D177: =DATEVALUE(LEFT(C177, SEARCH("-", C177) - 1)) -> 45016 | E177: =D177 - DATE(YEAR(D177), 1, 0) -> 90 | F177: coho | G177: fry | H177: 37 | J177: 0.45 | K177: N | M177: N | Q177: N | T177: N | U177: N | V177: N | W177: N | X177: N | Y177: N | Z177: N | AA177: N | AB177: N | AE177: =IF(J177="", "", 100000*(J177/(H177^3))) -> 0.88839753
A178: 2023 | B178: 6' RST | C178: 31Mar23-RST-N | D178: =DATEVALUE(LEFT(C178, SEARCH("-", C178) - 1)) -> 45016 | E178: =D178 - DATE(YEAR(D178), 1, 0) -> 90 | F178: coho | G178: fry | H178: 37 | J178: 0.45 | K178: N | M178: N | Q178: N | T178: N | U178: N | V178: N | W178: N | X178: N | Y178: N | Z178: N | AA178: N | AB178: N | AE178: =IF(J178="", "", 100000*(J178/(H178^3))) -> 0.88839753
A179: 2023 | B179: 6' RST | C179: 31Mar23-RST-N | D179: =DATEVALUE(LEFT(C179, SEARCH("-", C179) - 1)) -> 45016 | E179: =D179 - DATE(YEAR(D179), 1, 0) -> 90 | F179: coho | G179: fry | H179: 38 | J179: 0.5 | K179: N | M179: N | Q179: N | T179: N | U179: N | V179: N | W179: N | X179: N | Y179: N | Z179: N | AA179: N | AB179: N | AE179: =IF(J179="", "", 100000*(J179/(H179^3))) -> 0.91121155
A180: 2023 | B180: 6' RST | C180: 31Mar23-RST-N | D180: =DATEVALUE(LEFT(C180, SEARCH("-", C180) - 1)) -> 45016 | E180: =D180 - DATE(YEAR(D180), 1, 0) -> 90 | F180: coho | G180: fry | H180: 38 | J180: 0.49 | K180: N | M180: N | Q180: N | T180: N | U180: N | V180: N | W180: N | X180: N | Y180: N | Z180: N | AA180: N | AB180: N | AE180: =IF(J180="", "", 100000*(J180/(H180^3))) -> 0.89298732
A181: 2023 | B181: 6' RST | C181: 31Mar23-RST-N | D181: =DATEVALUE(LEFT(C181, SEARCH("-", C181) - 1)) -> 45016 | E181: =D181 - DATE(YEAR(D181), 1, 0) -> 90 | F181: coho | G181: fry | H181: 35 | J181: 0.36 | K181: N | M181: N | Q181: N | T181: N | U181: N | V181: N | W181: N | X181: N | Y181: N | Z181: N | AA181: N | AB181: N | AE181: =IF(J181="", "", 100000*(J181/(H181^3))) -> 0.83965015
A182: 2023 | B182: 6' RST | C182: 31Mar23-RST-N | D182: =DATEVALUE(LEFT(C182, SEARCH("-", C182) - 1)) -> 45016 | E182: =D182 - DATE(YEAR(D182), 1, 0) -> 90 | F182: coho | G182: fry | H182: 36 | J182: 0.39 | K182: N | M182: N | Q182: N | T182: N | U182: N | V182: N | W182: N | X182: N | Y182: N | Z182: N | AA182: N | AB182: N | AE182: =IF(J182="", "", 100000*(J182/(H182^3))) -> 0.83590535
A183: 2023 | B183: 6' RST | C183: 31Mar23-RST-N | D183: =DATEVALUE(LEFT(C183, SEARCH("-", C183) - 1)) -> 45016 | E183: =D183 - DATE(YEAR(D183), 1, 0) -> 90 | F183: coho | G183: fry | H183: 38 | J183: 0.43 | K183: N | M183: N | Q183: N | T183: N | U183: N | V183: N | W183: N | X183: N | Y183: N | Z183: N | AA183: N | AB183: N | AE183: =IF(J183="", "", 100000*(J183/(H183^3))) -> 0.78364193
A184: 2023 | B184: 6' RST | C184: 31Mar23-RST-N | D184: =DATEVALUE(LEFT(C184, SEARCH("-", C184) - 1)) -> 45016 | E184: =D184 - DATE(YEAR(D184), 1, 0) -> 90 | F184: coho | G184: fry | H184: 37 | J184: 0.48 | K184: N | M184: N | Q184: N | T184: N | U184: N | V184: N | W184: N | X184: N | Y184: N | Z184: N | AA184: N | AB184: N | AE184: =IF(J184="", "", 100000*(J184/(H184^3))) -> 0.94762403
A185: 2023 | B185: 6' RST | C185: 31Mar23-RST-N | D185: =DATEVALUE(LEFT(C185, SEARCH("-", C185) - 1)) -> 45016 | E185: =D185 - DATE(YEAR(D185), 1, 0) -> 90 | F185: coho | G185: fry | H185: 37 | J185: 0.43 | K185: N | M185: N | Q185: N | T185: N | U185: N | V185: N | W185: N | X185: N | Y185: N | Z185: N | AA185: N | AB185: N | AE185: =IF(J185="", "", 100000*(J185/(H185^3))) -> 0.84891319
A186: 2023 | B186: 6' RST | C186: 31Mar23-RST-N | D186: =DATEVALUE(LEFT(C186, SEARCH("-", C186) - 1)) -> 45016 | E186: =D186 - DATE(YEAR(D186), 1, 0) -> 90 | F186: coho | G186: fry | H186: 37 | J186: 0.44 | K186: N | M186: N | Q186: N | T186: N | U186: N | V186: N | W186: N | X186: N | Y186: N | Z186: N | AA186: N | AB186: N | AE186: =IF(J186="", "", 100000*(J186/(H186^3))) -> 0.86865536
... A228: 2023 | B228: 6' RST | C228: 31Mar23-RST-N | D228: =DATEVALUE(LEFT(C228, SEARCH("-", C228) - 1)) -> 45016 | E228: =D228 - DATE(YEAR(D228), 1, 0) -> 90 | F228: coho | G228: smolt | H228: 83 | J228: 5.7 | K228: N | M228: N | Q228: N | T228: N | U228: N | V228: N | W228: N | X228: N | Y228: N | Z228: N | AA228: N | AB228: N | AE228: =IF(J228="", "", 100000*(J228/(H228^3))) -> 0.99687471
A229: 2023 | B229: 6' RST | C229: 31Mar23-RST-N | D229: =DATEVALUE(LEFT(C229, SEARCH("-", C229) - 1)) -> 45016 | E229: =D229 - DATE(YEAR(D229), 1, 0) -> 90 | F229: rainbow | G229: parr | H229: 50 | J229: 1.48 | K229: N | M229: N | Q229: N | T229: N | U229: N | V229: N | W229: N | X229: N | Y229: N | Z229: N | AA229: N | AB229: Y | AD229: tail is missing one lobe | AE229: =IF(J229="", "", 100000*(J229/(H229^3))) -> 1.184
A230: 2023 | B230: 6' RST | C230: 05Apr23-RST-N | D230: =DATEVALUE(LEFT(C230, SEARCH("-", C230) - 1)) -> 45021 | E230: =D230 - DATE(YEAR(D230), 1, 0) -> 95 | F230: coho | G230: fry | H230: 40 | J230: 0.39 | K230: N | M230: N | Q230: N | T230: N | U230: N | V230: N | W230: N | X230: N | Y230: N | Z230: N | AA230: N | AB230: N | AE230: =IF(J230="", "", 100000*(J230/(H230^3))) -> 0.609375
A231: 2023 | B231: 6' RST | C231: 05Apr23-RST-N | D231: =DATEVALUE(LEFT(C231, SEARCH("-", C231) - 1)) -> 45021 | E231: =D231 - DATE(YEAR(D231), 1, 0) -> 95 | F231: coho | G231: fry | H231: 38 | J231: 0.47 | K231: N | M231: N | Q231: N | T231: N | U231: N | V231: N | W231: N | X231: N | Y231: N | Z231: N | AA231: N | AB231: N | AD231: eating very well | AE231: =IF(J231="", "", 100000*(J231/(H231^3))) -> 0.85653885
A232: 2023 | B232: 6' RST | C232: 05Apr23-RST-N | D232: =DATEVALUE(LEFT(C232, SEARCH("-", C232) - 1)) -> 45021 | E232: =D232 - DATE(YEAR(D232), 1, 0) -> 95 | F232: coho | G232: fry | H232: 36 | J232: 0.42 | K232: N | M232: N | Q232: N | T232: N | U232: N | V232: N | W232: N | X232: N | Y232: N | Z232: N | AA232: N | AB232: N | AD232: well fed | AE232: =IF(J232="", "", 100000*(J232/(H232^3))) -> 0.90020576
A233: 2023 | B233: 6' RST | C233: 05Apr23-RST-N | D233: =DATEVALUE(LEFT(C233, SEARCH("-", C233) - 1)) -> 45021 | E233: =D233 - DATE(YEAR(D233), 1, 0) -> 95 | F233: coho | G233: fry | H233: 37 | J233: 0.4 | K233: N | M233: N | Q233: N | T233: N | U233: N | V233: N | W233: N | X233: N | Y233: N | Z233: N | AA233: N | AB233: N | AE233: =IF(J233="", "", 100000*(J233/(H233^3))) -> 0.78968669
A234: 2023 | B234: 6' RST | C234: 05Apr23-RST-N | D234: =DATEVALUE(LEFT(C234, SEARCH("-", C234) - 1)) -> 45021 | E234: =D234 - DATE(YEAR(D234), 1, 0) -> 95 | F234: coho | G234: fry | H234: 37 | J234: 0.51 | K234: N | M234: N | Q234: N | T234: N | U234: N | V234: N | W234: N | X234: N | Y234: N | Z234: N | AA234: N | AB234: N | AE234: =IF(J234="", "", 100000*(J234/(H234^3))) -> 1.0068505
A235: 2023 | B235: 6' RST | C235: 05Apr23-RST-N | D235: =DATEVALUE(LEFT(C235, SEARCH("-", C235) - 1)) -> 45021 | E235: =D235 - DATE(YEAR(D235), 1, 0) -> 95 | F235: coho | G235: fry | H235: 35 | J235: 0.48 | K235: N | M235: N | Q235: N | T235: N | U235: N | V235: N | W235: N | X235: N | Y235: N | Z235: N | AA235: N | AB235: N | AE235: =IF(J235="", "", 100000*(J235/(H235^3))) -> 1.1195335
A236: 2023 | B236: 6' RST | C236: 05Apr23-RST-N | D236: =DATEVALUE(LEFT(C236, SEARCH("-", C236) - 1)) -> 45021 | E236: =D236 - DATE(YEAR(D236), 1, 0) -> 95 | F236: coho | G236: fry | H236: 35 | J236: 0.52 | K236: N | M236: N | Q236: N | T236: N | U236: N | V236: N | W236: N | X236: N | Y236: N | Z236: N | AA236: N | AB236: N | AD236: buttoning up ~1mm | AE236: =IF(J236="", "", 100000*(J236/(H236^3))) -> 1.212828
A237: 2023 | B237: 6' RST | C237: 05Apr23-RST-N | D237: =DATEVALUE(LEFT(C237, SEARCH("-", C237) - 1)) -> 45021 | E237: =D237 - DATE(YEAR(D237), 1, 0) -> 95 | F237: coho | G237: fry | H237: 37 | J237: 0.47 | K237: N | M237: N | Q237: N | T237: N | U237: N | V237: N | W237: N | X237: N | Y237: N | Z237: N | AA237: N | AB237: N | AE237: =IF(J237="", "", 100000*(J237/(H237^3))) -> 0.92788186
A238: 2023 | B238: 6' RST | C238: 05Apr23-RST-N | D238: =DATEVALUE(LEFT(C238, SEARCH("-", C238) - 1)) -> 45021 | E238: =D238 - DATE(YEAR(D238), 1, 0) -> 95 | F238: coho | G238: fry | H238: 39 | J238: 0.51 | K238: N | M238: N | Q238: N | T238: N | U238: N | V238: N | W238: N | X238: N | Y238: N | Z238: N | AA238: N | AB238: N | AE238: =IF(J238="", "", 100000*(J238/(H238^3))) -> 0.85975826
A239: 2023 | B239: 6' RST | C239: 05Apr23-RST-N | D239: =DATEVALUE(LEFT(C239, SEARCH("-", C239) - 1)) -> 45021 | E239: =D239 - DATE(YEAR(D239), 1, 0) -> 95 | F239: coho | G239: fry | H239: 36 | J239: 0.46 | K239: N | M239: N | Q239: N | T239: Y | U239: N | V239: N | W239: N | X239: N | Y239: N | Z239: N | AA239: N | AB239: Y | AD239: tail fin split and wounded | AE239: =IF(J239="", "", 100000*(J239/(H239^3))) -> 0.98593964
A240: 2023 | B240: 6' RST | C240: 05Apr23-RST-N | D240: =DATEVALUE(LEFT(C240, SEARCH("-", C240) - 1)) -> 45021 | E240: =D240 - DATE(YEAR(D240), 1, 0) -> 95 | F240: coho | G240: fry | H240: 37 | J240: 0.47 | K240: N | M240: N | Q240: N | T240: N | U240: N | V240: N | W240: N | X240: N | Y240: N | Z240: N | AA240: N | AB240: N | AD240: very healthy | AE240: =IF(J240="", "", 100000*(J240/(H240^3))) -> 0.92788186
A241: 2023 | B241: 6' RST | C241: 05Apr23-RST-N | D241: =DATEVALUE(LEFT(C241, SEARCH("-", C241) - 1)) -> 45021 | E241: =D241 - DATE(YEAR(D241), 1, 0) -> 95 | F241: coho | G241: fry | H241: 35 | J241: 0.43 | K241: N | M241: N | Q241: N | T241: N | U241: N | V241: N | W241: N | X241: N | Y241: N | Z241: N | AA241: N | AB241: N | AE241: =IF(J241="", "", 100000*(J241/(H241^3))) -> 1.0029155
A242: 2023 | B242: 6' RST | C242: 05Apr23-RST-N | D242: =DATEVALUE(LEFT(C242, SEARCH("-", C242) - 1)) -> 45021 | E242: =D242 - DATE(YEAR(D242), 1, 0) -> 95 | F242: coho | G242: fry | H242: 38 | J242: 0.49 | K242: N | M242: N | Q242: N | T242: N | U242: N | V242: N | W242: N | X242: N | Y242: N | Z242: N | AA242: N | AB242: N | AD242: very pissed off | AE242: =IF(J242="", "", 100000*(J242/(H242^3))) -> 0.89298732
A243: 2023 | B243: 6' RST | C243: 05Apr23-RST-N | D243: =DATEVALUE(LEFT(C243, SEARCH("-", C243) - 1)) -> 45021 | E243: =D243 - DATE(YEAR(D243), 1, 0) -> 95 | F243: coho | G243: fry | H243: 37 | J243: 0.48 | K243: N | M243: N | Q243: N | T243: N | U243: N | V243: N | W243: N | X243: N | Y243: N | Z243: N | AA243: N | AB243: N | AE243: =IF(J243="", "", 100000*(J243/(H243^3))) -> 0.94762403
A244: 2023 | B244: 6' RST | C244: 05Apr23-RST-N | D244: =DATEVALUE(LEFT(C244, SEARCH("-", C244) - 1)) -> 45021 | E244: =D244 - DATE(YEAR(D244), 1, 0) -> 95 | F244: coho | G244: fry | H244: 37 | J244: 0.44 | K244: N | M244: N | Q244: N | T244: N | U244: N | V244: N | W244: N | X244: N | Y244: N | Z244: N | AA244: N | AB244: N | AE244: =IF(J244="", "", 100000*(J244/(H244^3))) -> 0.86865536
A245: 2023 | B245: 6' RST | C245: 05Apr23-RST-N | D245: =DATEVALUE(LEFT(C245, SEARCH("-", C245) - 1)) -> 45021 | E245: =D245 - DATE(YEAR(D245), 1, 0) -> 95 | F245: coho | G245: fry | H245: 37 | J245: 0.46 | K245: N | M245: N | Q245: N | T245: N | U245: N | V245: N | W245: N | X245: N | Y245: N | Z245: N | AA245: N | AB245: N | AD245: bright orange tail | AE245: =IF(J245="", "", 100000*(J245/(H245^3))) -> 0.9081397
A246: 2023 | B246: 6' RST | C246: 05Apr23-RST-N | D246: =DATEVALUE(LEFT(C246, SEARCH("-", C246) - 1)) -> 45021 | E246: =D246 - DATE(YEAR(D246), 1, 0) -> 95 | F246: coho | G246: fry | H246: 34 | J246: 0.4 | K246: N | M246: N | Q246: N | T246: N | U246: N | V246: N | W246: N | X246: N | Y246: N | Z246: N | AA246: N | AB246: N | AE246: =IF(J246="", "", 100000*(J246/(H246^3))) -> 1.0177081
A247: 2023 | B247: 6' RST | C247: 05Apr23-RST-N | D247: =DATEVALUE(LEFT(C247, SEARCH("-", C247) - 1)) -> 45021 | E247: =D247 - DATE(YEAR(D247), 1, 0) -> 95 | F247: coho | G247: fry | H247: 39 | J247: 0.5 | K247: N | M247: N | Q247: N | T247: N | U247: N | V247: N | W247: N | X247: N | Y247: N | Z247: N | AA247: N | AB247: N | AE247: =IF(J247="", "", 100000*(J247/(H247^3))) -> 0.84290025
A248: 2023 | B248: 6' RST | C248: 05Apr23-RST-N | D248: =DATEVALUE(LEFT(C248, SEARCH("-", C248) - 1)) -> 45021 | E248: =D248 - DATE(YEAR(D248), 1, 0) -> 95 | F248: coho | G248: fry | H248: 37 | J248: 0.42 | K248: N | M248: N | Q248: N | T248: N | U248: N | V248: N | W248: N | X248: N | Y248: N | Z248: N | AA248: N | AB248: N | AD248: lost some colour | AE248: =IF(J248="", "", 100000*(J248/(H248^3))) -> 0.82917103
A249: 2023 | B249: 6' RST | C249: 05Apr23-RST-N | D249: =DATEVALUE(LEFT(C249, SEARCH("-", C249) - 1)) -> 45021 | E249: =D249 - DATE(YEAR(D249), 1, 0) -> 95 | F249: coho | G249: fry | H249: 35 | J249: 0.48 | K249: N | M249: N | Q249: N | T249: N | U249: N | V249: N | W249: N | X249: N | Y249: N | Z249: N | AA249: N | AB249: N | AE249: =IF(J249="", "", 100000*(J249/(H249^3))) -> 1.1195335
A250: 2023 | B250: 6' RST | C250: 05Apr23-RST-N | D250: =DATEVALUE(LEFT(C250, SEARCH("-", C250) - 1)) -> 45021 | E250: =D250 - DATE(YEAR(D250), 1, 0) -> 95 | F250: coho | G250: fry | H250: 38 | J250: 0.47 | K250: N | M250: N | Q250: N | T250: N | U250: N | V250: N | W250: N | X250: N | Y250: N | Z250: N | AA250: N | AB250: N | AE250: =IF(J250="", "", 100000*(J250/(H250^3))) -> 0.85653885
A251: 2023 | B251: 6' RST | C251: 05Apr23-RST-N | D251: =DATEVALUE(LEFT(C251, SEARCH("-", C251) - 1)) -> 45021 | E251: =D251 - DATE(YEAR(D251), 1, 0) -> 95 | F251: coho | G251: fry | H251: 44 | J251: 0.96 | K251: N | M251: N | Q251: N | T251: N | U251: N | V251: N | W251: N | X251: N | Y251: N | Z251: N | AA251: N | AB251: N | AE251: =IF(J251="", "", 100000*(J251/(H251^3))) -> 1.1269722
A252: 2023 | B252: 6' RST | C252: 05Apr23-RST-N | D252: =DATEVALUE(LEFT(C252, SEARCH("-", C252) - 1)) -> 45021 | E252: =D252 - DATE(YEAR(D252), 1, 0) -> 95 | F252: coho | G252: fry | H252: 39 | J252: 0.52 | K252: N | M252: N | Q252: N | T252: N | U252: N | V252: N | W252: N | X252: N | Y252: N | Z252: N | AA252: N | AB252: N | AE252: =IF(J252="", "", 100000*(J252/(H252^3))) -> 0.87661626
A253: 2023 | B253: 6' RST | C253: 05Apr23-RST-N | D253: =DATEVALUE(LEFT(C253, SEARCH("-", C253) - 1)) -> 45021 | E253: =D253 - DATE(YEAR(D253), 1, 0) -> 95 | F253: coho | G253: fry | H253: 38 | J253: 0.44 | K253: N | M253: N | Q253: N | T253: N | U253: N | V253: N | W253: N | X253: N | Y253: N | Z253: N | AA253: N | AB253: N | AE253: =IF(J253="", "", 100000*(J253/(H253^3))) -> 0.80186616
A254: 2023 | B254: 6' RST | C254: 05Apr23-RST-N | D254: =DATEVALUE(LEFT(C254, SEARCH("-", C254) - 1)) -> 45021 | E254: =D254 - DATE(YEAR(D254), 1, 0) -> 95 | F254: coho | G254: fry | H254: 34 | J254: 0.38 | K254: N | M254: N | Q254: N | T254: N | U254: N | V254: N | W254: N | X254: N | Y254: N | Z254: N | AA254: N | AB254: N | AE254: =IF(J254="", "", 100000*(J254/(H254^3))) -> 0.96682272
A255: 2023 | B255: 6' RST | C255: 05Apr23-RST-N | D255: =DATEVALUE(LEFT(C255, SEARCH("-", C255) - 1)) -> 45021 | E255: =D255 - DATE(YEAR(D255), 1, 0) -> 95 | F255: coho | G255: fry | H255: 38 | J255: 0.5 | K255: N | M255: N | Q255: N | T255: N | U255: N | V255: N | W255: N | X255: N | Y255: N | Z255: N | AA255: N | AB255: N | AE255: =IF(J255="", "", 100000*(J255/(H255^3))) -> 0.91121155
A256: 2023 | B256: 6' RST | C256: 05Apr23-RST-N | D256: =DATEVALUE(LEFT(C256, SEARCH("-", C256) - 1)) -> 45021 | E256: =D256 - DATE(YEAR(D256), 1, 0) -> 95 | F256: coho | G256: fry | H256: 36 | J256: 0.5 | K256: N | M256: N | Q256: N | T256: N | U256: N | V256: N | W256: N | X256: N | Y256: N | Z256: N | AA256: N | AB256: N | AE256: =IF(J256="", "", 100000*(J256/(H256^3))) -> 1.0716735
A257: 2023 | B257: 6' RST | C257: 05Apr23-RST-N | D257: =DATEVALUE(LEFT(C257, SEARCH("-", C257) - 1)) -> 45021 | E257: =D257 - DATE(YEAR(D257), 1, 0) -> 95 | F257: coho | G257: fry | H257: 42 | J257: 0.51 | K257: N | M257: N | Q257: N | T257: N | U257: N | V257: N | W257: N | X257: N | Y257: N | Z257: N | AA257: N | AB257: N | AE257: =IF(J257="", "", 100000*(J257/(H257^3))) -> 0.68837059
A258: 2023 | B258: 6' RST | C258: 05Apr23-RST-N | D258: =DATEVALUE(LEFT(C258, SEARCH("-", C258) - 1)) -> 45021 | E258: =D258 - DATE(YEAR(D258), 1, 0) -> 95 | F258: coho | G258: fry | H258: 36 | J258: 0.41 | K258: N | M258: N | Q258: N | T258: N | U258: N | V258: N | W258: N | X258: N | Y258: N | Z258: N | AA258: N | AB258: N | AE258: =IF(J258="", "", 100000*(J258/(H258^3))) -> 0.87877229
A259: 2023 | B259: 6' RST | C259: 05Apr23-RST-N | D259: =DATEVALUE(LEFT(C259, SEARCH("-", C259) - 1)) -> 45021 | E259: =D259 - DATE(YEAR(D259), 1, 0) -> 95 | F259: coho | G259: fry | H259: 38 | J259: 0.4 | K259: N | M259: N | Q259: N | T259: N | U259: N | V259: N | W259: N | X259: N | Y259: N | Z259: N | AA259: N | AB259: N | AE259: =IF(J259="", "", 100000*(J259/(H259^3))) -> 0.72896924
A260: 2023 | B260: 6' RST | C260: 05Apr23-RST-N | D260: =DATEVALUE(LEFT(C260, SEARCH("-", C260) - 1)) -> 45021 | E260: =D260 - DATE(YEAR(D260), 1, 0) -> 95 | F260: chum | G260: fry | H260: 41 | J260: 0.4 | K260: N | M260: N | Q260: N | T260: N | U260: N | V260: N | W260: N | X260: N | Y260: N | Z260: N | AA260: N | AB260: N | AE260: =IF(J260="", "", 100000*(J260/(H260^3))) -> 0.58037463
... A293: 2023 | B293: 6' RST | C293: 05Apr23-RST-N | D293: =DATEVALUE(LEFT(C293, SEARCH("-", C293) - 1)) -> 45021 | E293: =D293 - DATE(YEAR(D293), 1, 0) -> 95 | F293: coho | G293: smolt | H293: 65 | J293: 2.56 | K293: N | M293: N | Q293: N | T293: N | U293: N | V293: N | W293: N | X293: N | Y293: N | Z293: N | AA293: N | AB293: N | AE293: =IF(J293="", "", 100000*(J293/(H293^3))) -> 0.93218025
A294: 2023 | B294: 6' RST | C294: 05Apr23-RST-N | D294: =DATEVALUE(LEFT(C294, SEARCH("-", C294) - 1)) -> 45021 | E294: =D294 - DATE(YEAR(D294), 1, 0) -> 95 | F294: coho | G294: smolt | H294: 77 | J294: 4.9 | K294: N | M294: N | Q294: N | T294: N | U294: N | V294: N | W294: N | X294: N | Y294: N | Z294: N | AA294: N | AB294: N | AD294: getting ready for the ocean | AE294: =IF(J294="", "", 100000*(J294/(H294^3))) -> 1.0733069
A295: 2023 | B295: 6' RST | C295: 05Apr23-RST-N | D295: =DATEVALUE(LEFT(C295, SEARCH("-", C295) - 1)) -> 45021 | E295: =D295 - DATE(YEAR(D295), 1, 0) -> 95 | F295: coho | G295: smolt | H295: 77 | J295: 5.61 | K295: N | M295: N | Q295: N | T295: N | U295: N | V295: N | W295: N | X295: N | Y295: N | Z295: N | AA295: N | AB295: N | AE295: =IF(J295="", "", 100000*(J295/(H295^3))) -> 1.2288268
A296: 2023 | B296: 6' RST | C296: 05Apr23-RST-N | D296: =DATEVALUE(LEFT(C296, SEARCH("-", C296) - 1)) -> 45021 | E296: =D296 - DATE(YEAR(D296), 1, 0) -> 95 | F296: coho | G296: smolt | H296: 63 | J296: 2.65 | K296: N | M296: N | Q296: N | T296: N | U296: N | V296: N | W296: N | X296: N | Y296: N | Z296: N | AA296: N | AB296: N | AE296: =IF(J296="", "", 100000*(J296/(H296^3))) -> 1.0598008
A297: 2023 | B297: 6' RST | C297: 05Apr23-RST-N | D297: =DATEVALUE(LEFT(C297, SEARCH("-", C297) - 1)) -> 45021 | E297: =D297 - DATE(YEAR(D297), 1, 0) -> 95 | F297: coho | G297: smolt | H297: 63 | J297: 2.98 | K297: N | M297: N | Q297: N | T297: N | U297: N | V297: N | W297: N | X297: N | Y297: N | Z297: N | AA297: N | AB297: N | AE297: =IF(J297="", "", 100000*(J297/(H297^3))) -> 1.1917759
A298: 2023 | B298: 6' RST | C298: 05Apr23-RST-N | D298: =DATEVALUE(LEFT(C298, SEARCH("-", C298) - 1)) -> 45021 | E298: =D298 - DATE(YEAR(D298), 1, 0) -> 95 | F298: coho | G298: smolt | H298: 82 | J298: 4.99 | K298: N | M298: N | Q298: N | T298: N | U298: N | V298: N | W298: N | X298: N | Y298: N | Z298: N | AA298: N | AB298: N | AE298: =IF(J298="", "", 100000*(J298/(H298^3))) -> 0.90502169
A299: 2023 | B299: 6' RST | C299: 05Apr23-RST-N | D299: =DATEVALUE(LEFT(C299, SEARCH("-", C299) - 1)) -> 45021 | E299: =D299 - DATE(YEAR(D299), 1, 0) -> 95 | F299: coho | G299: smolt | H299: 70 | J299: 2.88 | K299: N | M299: N | Q299: N | T299: N | U299: N | V299: N | W299: N | X299: N | Y299: N | Z299: N | AA299: N | AB299: N | AE299: =IF(J299="", "", 100000*(J299/(H299^3))) -> 0.83965015
A300: 2023 | B300: 6' RST | C300: 05Apr23-RST-N | D300: =DATEVALUE(LEFT(C300, SEARCH("-", C300) - 1)) -> 45021 | E300: =D300 - DATE(YEAR(D300), 1, 0) -> 95 | F300: chinook | G300: fry | H300: 40 | J300: 0.34 | K300: N | M300: N | Q300: N | T300: N | U300: N | V300: N | W300: N | X300: N | Y300: N | Z300: N | AA300: N | AB300: N | AE300: =IF(J300="", "", 100000*(J300/(H300^3))) -> 0.53125
A301: 2023 | B301: 6' RST | C301: 05Apr23-RST-N | D301: =DATEVALUE(LEFT(C301, SEARCH("-", C301) - 1)) -> 45021 | E301: =D301 - DATE(YEAR(D301), 1, 0) -> 95 | F301: chinook | G301: fry | H301: 42 | J301: 0.47 | K301: N | M301: N | Q301: N | T301: N | U301: N | V301: N | W301: N | X301: N | Y301: N | Z301: N | AA301: N | AB301: N | AE301: =IF(J301="", "", 100000*(J301/(H301^3))) -> 0.63438074
...

Sheet mark-release
A1: catch_date | B1: release_date | C1: release_time | D1: release_location_lat | E1: release_location_long | F1: marking_time_start | G1: marking_time_end | H1: time_marked | I1: species | J1: life_stage | K1: marking_morts | L1: total_released | M1: comments
A2: 45364 | B2: 45364 | C2: 18:23 | D2: 48.577768 | E2: -124.29936 | H2: ~1hr | I2: chinook | J2: fry | K2: 0 | L2: 2 | M2: lat/longs from google earth
A3: 45364 | B3: 45364 | C3: 18:23 | D3: 48.577768 | E3: -124.29936 | H3: ~1hr | I3: chum | J3: fry | K3: 0 | L3: 2 | M3: lat/longs from google earth
A4: 45370 | B4: 45370 | C4: 12:40 | D4: 48.578102 | E4: -124.30438 | H4: ~1hr | I4: chinook | J4: fry | K4: 0 | L4: 24
A5: 45370 | B5: 45370 | C5: 12:40 | D5: 48.578102 | E5: -124.30438 | H5: ~1hr | I5: coho | J5: fry | K5: 0 | L5: 146
A6: 45370 | B6: 45370 | C6: 12:40 | D6: 48.578102 | E6: -124.30438 | H6: ~1hr | I6: chum | J6: fry | K6: 0 | L6: 24 or 18?
A7: 45377 | B7: 45377 | C7: 09:42 | D7: 48.577768 | E7: -124.29936 | H7: ~1hr | I7: chinook | J7: fry | K7: 0 | L7: 3 | M7: lat/longs from google earth
A8: 45377 | B8: 45377 | C8: 09:42 | D8: 48.577768 | E8: -124.29936 | H8: ~1hr | I8: coho | J8: fry | K8: 0 | L8: 3 | M8: lat/longs from google earth
A9: 45377 | B9: 45377 | C9: 09:42 | D9: 48.577768 | E9: -124.29936 | H9: ~1hr | I9: coho | J9: smolt | K9: 0 | L9: 7 | M9: lat/longs from google earth
A10: 45378 | B10: 45378 | C10: 17:40 | D10: 48.578072 | E10: -124.30419 | H10: ~1hr | I10: coho | J10: smolt | K10: 0 | L10: 1
A11: 45378 | B11: 45378 | C11: 17:40 | D11: 48.578072 | E11: -124.30419 | H11: ~1hr | I11: chinook | J11: fry | K11: 0 | L11: 32
A12: 45378 | B12: 45378 | C12: 17:40 | D12: 48.578072 | E12: -124.30419 | H12: ~1hr | I12: coho | J12: fry | K12: 0 | L12: 318
A13: 45378 | B13: 45378 | C13: 17:40 | D13: 48.578072 | E13: -124.30419 | H13: ~1hr | I13: chum | J13: fry | K13: 0 | L13: 3
A14: 45385 | B14: 45385 | C14: 16:41 | D14: 48.577807 | E14: -124.29991 | H14: ~1hr | I14: chinook | J14: fry | K14: 0 | L14: 35
A15: 45385 | B15: 45385 | C15: 16:41 | D15: 48.577807 | E15: -124.29991 | H15: ~1hr | I15: coho | J15: fry | K15: 0 | L15: 487
A16: 45385 | B16: 45385 | C16: 16:41 | D16: 48.577807 | E16: -124.29991 | H16: ~1hr | I16: chum | J16: fry | K16: 0 | L16: 2
A17: 45385 | B17: 45385 | C17: 16:41 | D17: 48.577807 | E17: -124.29991 | H17: ~1hr | I17: coho | J17: smolt | K17: 2 | L17: 5 | M17: assume 2 morts - mis-match between #s caught and released dyed
A18: 45391 | B18: 45391 | C18: 17:30 | D18: 48.578075 | E18: -124.30413 | H18: ~1hr | I18: coho | J18: smolt | K18: 0 | L18: 1
A19: 45391 | B19: 45391 | C19: 17:30 | D19: 48.578075 | E19: -124.30413 | H19: ~1hr | I19: chinook | J19: fry | K19: 0 | L19: 16
A20: 45391 | B20: 45391 | C20: 17:30 | D20: 48.578075 | E20: -124.30413 | H20: ~1hr | I20: coho | J20: fry | K20: 0 | L20: 33
A21: 45391 | B21: 45391 | C21: 17:30 | D21: 48.578075 | E21: -124.30413 | H21: ~1hr | I21: chum | J21: fry | K21: 0 | L21: 2
A22: 45392 | B22: 45392 | C22: 17:34 | D22: 48.577794 | E22: -124.3 | H22: ~1hr | I22: coho | J22: fry | K22: 0 | L22: 70 | M22: 27 morts 15 were stuck in the cone and the rest were in the trap in the debris. 1 coho was not swimming to good in the Bismarck dying bucket so I put it in the fresh water bucket and didnâ€™t make it it was too weak by then.
A23: 45392 | B23: 45392 | C23: 17:34 | D23: 48.577794 | E23: -124.3 | H23: ~1hr | I23: coho | J23: smolt | K23: 1 | L23: 9 | M23: 27 morts 15 were stuck in the cone and the rest were in the trap in the debris. 1 coho was not swimming to good in the Bismarck dying bucket so I put it in the fresh water bucket and didnâ€™t make it it was too weak by then.
A24: 45398 | B24: 45398 | C24: 13:15 | D24: 48.578123 | E24: -124.3042 | H24: ~1hr | I24: coho | J24: smolt | K24: 0 | L24: 2
A25: 45398 | B25: 45398 | C25: 13:15 | D25: 48.578123 | E25: -124.3042 | H25: ~1hr | I25: coho | J25: fry | K25: 0 | L25: 13
A26: 45399 | B26: 45399 | C26: 13:35 | D26: 48.577831 | E26: -124.29988 | H26: ~1hr | I26: coho | J26: smolt | K26: 0 | L26: 4
A27: 45399 | B27: 45399 | C27: 13:35 | D27: 48.577831 | E27: -124.29988 | H27: ~1hr | I27: chinook | J27: fry | K27: 0 | L27: 3
A28: 45399 | B28: 45399 | C28: 13:35 | D28: 48.577831 | E28: -124.29988 | H28: ~1hr | I28: coho | J28: fry | K28: 0 | L28: 44
A29: 45399 | B29: 45399 | C29: 13:35 | D29: 48.577831 | E29: -124.29988 | H29: ~1hr | I29: chum | J29: fry | K29: 0 | L29: 2
A30: 45405 | B30: 45405 | C30: 15:15 | D30: 48.578104 | E30: -124.30416 | H30: ~1hr | I30: chinook | J30: fry | K30: 0 | L30: 1
A31: 45405 | B31: 45405 | C31: 15:15 | D31: 48.578104 | E31: -124.30416 | H31: ~1hr | I31: coho | J31: fry | K31: 0 | L31: 31
A32: 45405 | B32: 45405 | C32: 15:15 | D32: 48.578104 | E32: -124.30416 | H32: ~1hr | I32: coho | J32: smolt | K32: 0 | L32: 3
A33: 45405 | B33: 45405 | C33: 15:15 | D33: 48.578104 | E33: -124.30416 | H33: ~1hr | I33: chum | J33: fry | K33: 0 | L33: 3
A34: 45407 | B34: 45407 | C34: 15:00 | D34: 48.576919 | E34: -124.30878 | K34: 0 | L34: 0 | M34: Released down river from RST, by a tree and roots so the fry have a place to hide; We will be releasing marked fish down river of the RST today. Keeping note here for records.
A35: 45408 | B35: 45408 | C35: 12:34 | D35: 48.576828 | E35: -124.30873 | K35: 0 | L35: 0 | M35: Releasing down river of RST; 4 morts during marking. Not relevant for RST mark-recap
A36: 45412 | B36: 45412 | C36: 15:51 | D36: 48.577767 | E36: -124.29996 | H36: ~1hr | I36: coho | J36: fry | K36: 4 | L36: 237
A37: 45412 | B37: 45412 | C37: 15:51 | D37: 48.577767 | E37: -124.29996 | H37: ~1hr | I37: rainbow | J37: fry / parr | K37: 0 | L37: 2
A38: 45412 | B38: 45412 | C38: 15:51 | D38: 48.577767 | E38: -124.29996 | H38: ~1hr | I38: coho | J38: smolt | K38: 0 | L38: 5 | M38: 4coho morts from Bismarck
A39: 45413 | B39: 45413 | C39: 12:24 | D39: 48.578066 | E39: -124.30417 | H39: ~1hr | I39: chinook | J39: fry | K39: 0 | L39: 2
A40: 45413 | B40: 45413 | C40: 12:24 | D40: 48.578066 | E40: -124.30417 | H40: ~1hr | I40: coho | J40: fry | K40: 0 | L40: 209
A41: 45414 | B41: 45414 | C41: 11:40 | D41: 48.576858 | E41: -124.30875 | H41: ~1hr | I41: coho | J41: fry | K41: 1 | L41: 141 | M41: One coho fry having hard time after Bismarck at release point.
A42: 45414 | B42: 45414 | C42: 11:40 | D42: 48.576858 | E42: -124.30875 | H42: ~1hr | I42: coho | J42: smolt | K42: 0 | L42: 13
A43: 45415 | B43: 45415 | C43: 11:26 | D43: 48.578074 | E43: -124.30412 | H43: ~1hr | I43: coho | J43: fry | K43: 0 | L43: 59 | M43: Released 500 metres down stream from the previous location. Fish were released by a tree and roots
A44: 45415 | B44: 45415 | C44: 11:26 | D44: 48.578074 | E44: -124.30412 | H44: ~1hr | I44: coho | J44: smolt | K44: 0 | L44: 3 | M44: Released 500 metres down stream from the previous location. Fish were released by a tree and roots
A45: 45415 | B45: 45415 | C45: 11:26 | D45: 48.578074 | E45: -124.30412 | H45: ~1hr | I45: steelhead | J45: parr | K45: 0 | L45: 1 | M45: Released 500 metres down stream from the previous location. Fish were released by a tree and roots
A46: 45419 | B46: 45419 | C46: 13:50 | D46: 48.578111 | E46: -124.30417 | H46: ~1hr | I46: coho | J46: fry | K46: 9 | L46: 190 | M46: Tried to revive the 9 Bismarck fish, but they are just swimming up side down, releasing them by the RST
A47: 45419 | B47: 45419 | C47: 13:50 | D47: 48.578111 | E47: -124.30417 | H47: ~1hr | I47: coho | J47: smolt | K47: 0 | L47: 9
A48: 45419 | B48: 45419 | C48: 13:50 | D48: 48.578111 | E48: -124.30417 | H48: ~1hr | I48: chinook | J48: smolt | K48: 0 | L48: 1 | M48: assumed (KD)
A49: 45420 | B49: 45420 | C49: 13:08 | D49: 48.578083 | E49: -124.30417 | H49: ~1hr | I49: coho | J49: smolt | K49: 0 | L49: 8
A50: 45420 | B50: 45420 | C50: 13:08 | D50: 48.578083 | E50: -124.30417 | H50: ~1hr | I50: steelhead | J50: parr | K50: 0 | L50: 2
A51: 45420 | B51: 45420 | C51: 13:08 | D51: 48.578083 | E51: -124.30417 | H51: ~1hr | I51: rainbow | J51: parr | K51: 0 | L51: 2
A52: 45420 | B52: 45420 | C52: 13:08 | D52: 48.578083 | E52: -124.30417 | H52: ~1hr | I52: coho | J52: fry | K52: 0 | L52: 41
A53: 45421 | B53: 45421 | C53: 09:24 | D53: 48.578038 | E53: -124.30417 | H53: ~1hr | I53: coho | J53: fry | K53: 0 | L53: 29
A54: 45421 | B54: 45421 | C54: 09:24 | D54: 48.578038 | E54: -124.30417 | H54: ~1hr | I54: coho | J54: smolt | K54: 0 | L54: 2
A55: 45426 | B55: 45426 | C55: 12:24 | D55: 48.577786 | E55: -124.29991 | H55: ~1hr | I55: coho | J55: fry | K55: 0 | L55: 29
A56: 45426 | B56: 45426 | C56: 12:24 | D56: 48.577786 | E56: -124.29991 | H56: ~1hr | I56: coho | J56: smolt | K56: 0 | L56: 5
A57: 45429 | B57: 45429 | C57: 10:53 | D57: 48.577798 | E57: -124.30687 | H57: ~1hr | I57: chinook | J57: fry | K57: 0 | L57: 1
A58: 45429 | B58: 45429 | C58: 10:53 | D58: 48.577798 | E58: -124.30687 | H58: ~1hr | I58: rainbow | J58: parr | K58: 0 | L58: 2
A59: 45429 | B59: 45429 | C59: 10:53 | D59: 48.577798 | E59: -124.30687 | H59: ~1hr | I59: coho | J59: smolt | K59: 0 | L59: 5
A60: 45440 | B60: 45440 | C60: 12:38 | D60: 48.578061 | E60: -124.30416 | H60: ~1hr | I60: chinook | J60: fry | K60: 1 | L60: 7
A61: 45440 | B61: 45440 | C61: 12:38 | D61: 48.578061 | E61: -124.30416 | H61: ~1hr | I61: coho | J61: fry | K61: 4 | L61: =92-K61 -> 88
A62: 45441 | B62: 45441 | C62: 11:08 | D62: 48.578051 | E62: -124.30416 | H62: ~1hr | I62: coho | J62: smolt | K62: 1 | L62: 3 | M62: 1 coho smolt died from Bismarck, it was the one we took the dna sample from, must have stressed it out to much before we marked them
A63: 45441 | B63: 45441 | C63: 11:08 | D63: 48.578051 | E63: -124.30416 | H63: ~1hr | I63: chinook | J63: fry | K63: 0 | L63: 2
A64: 45441 | B64: 45441 | C64: 11:08 | D64: 48.578051 | E64: -124.30416 | H64: ~1hr | I64: coho | J64: fry | K64: 0 | L64: 10
A65: 45441 | B65: 45441 | C65: 11:08 | D65: 48.578051 | E65: -124.30416 | H65: ~1hr | I65: rainbow | J65: parr | K65: 0 | L65: 1
A66: 45441 | B66: 45441 | C66: 11:08 | D66: 48.578051 | E66: -124.30416 | H66: ~1hr | I66: chinook | J66: smolt | K66: 0 | L66: 4
A67: 45715 | B67: 45715 | C67: 11:45 | D67: 48.578051 | E67: -124.30416 | F67: 0.41666667 | G67: 0.4375 | H67: 30 mins | I67: chinook | J67: fry | K67: 0 | L67: 6
A68: 45715 | B68: 45715 | C68: 11:45 | D68: 48.578051 | E68: -124.30416 | F68: 0.41666667 | G68: 0.4375 | H68: 30 mins | I68: coho | J68: fry | K68: 0 | L68: 1
A69: 45716 | B69: 45716 | C69: 11:18 | D69: 48.578051 | E69: -124.30416 | F69: 0.41666667 | G69: 0.4375 | H69: 30 mins | I69: chinook | J69: fry | K69: 0 | L69: 5
A70: 45716 | B70: 45716 | C70: 11:18 | D70: 48.578051 | E70: -124.30416 | F70: 0.41666667 | G70: 0.4375 | H70: 30 mins | I70: chum | J70: fry | K70: 0 | L70: 2
A71: 45720 | B71: 45720 | C71: 12:00 | D71: 48.578051 | E71: -124.30416 | I71: coho | J71: fry | K71: 0 | L71: 6 | M71: Catch, mark, and release sheets not completed
A72: 45720 | B72: 45720 | C72: 12:00 | D72: 48.578051 | E72: -124.30416 | I72: chum | J72: fry | K72: 0 | L72: 1 | M72: Catch, mark, and release sheets not completed
A73: 45720 | B73: 45720 | C73: 12:00 | D73: 48.578051 | E73: -124.30416 | I73: chinook | J73: fry | K73: 1 | L73: 11 | M73: Catch, mark, and release sheets not completed
A74: 45721 | B74: 45721 | C74: 12:37 | D74: 48.578051 | E74: -124.30416 | F74: 0.47916667 | G74: 0.52083333 | H74: 1hr | I74: chinook | J74: fry | K74: 0 | L74: 17
A75: 45721 | B75: 45721 | C75: 12:37 | D75: 48.578051 | E75: -124.30416 | F75: 0.47916667 | G75: 0.52083333 | H75: 1hr | I75: coho | J75: fry | K75: 0 | L75: 5
A76: 45721 | B76: 45721 | C76: 12:37 | D76: 48.578051 | E76: -124.30416 | F76: 0.47916667 | G76: 0.52083333 | H76: 1hr | I76: chum | J76: fry | K76: 0 | L76: 1
A77: 45722 | B77: 45722 | C77: 13:20 | D77: 48.578051 | E77: -124.30416 | F77: 0.50347222 | G77: 0.53819444 | H77: 50 mins | I77: chinook | J77: fry | K77: 0 | L77: 47
A78: 45722 | B78: 45722 | C78: 13:20 | D78: 48.578051 | E78: -124.30416 | F78: 0.50347222 | G78: 0.53819444 | H78: 50 mins | I78: coho | J78: fry | K78: 0 | L78: 47
A79: 45722 | B79: 45722 | C79: 13:20 | D79: 48.578051 | E79: -124.30416 | F79: 0.50347222 | G79: 0.53819444 | H79: 50 mins | I79: coho | J79: smolt | K79: 0 | L79: 1
A80: 45722 | B80: 45722 | C80: 13:20 | D80: 48.578051 | E80: -124.30416 | F80: 0.50347222 | G80: 0.53819444 | H80: 50 mins | I80: chum | J80: fry | K80: 0 | L80: 2
A81: 45723 | B81: 45723 | D81: 48.578051 | E81: -124.30416 | I81: chinook | J81: fry | K81: 0 | M81: No marking today
A82: 45723 | B82: 45723 | D82: 48.578051 | E82: -124.30416 | I82: coho | J82: fry | K82: 0 | M82: No marking today
A83: 45723 | B83: 45723 | D83: 48.578051 | E83: -124.30416 | I83: chum | J83: fry | K83: 0 | M83: No marking today
A84: 45728 | B84: 45728 | C84: 11:08 | D84: 48.578051 | E84: -124.30416 | F84: 0.41805556 | G84: 0.45972222 | H84: 1hr | I84: chinook | J84: fry | K84: 0 | L84: 10
A85: 45728 | B85: 45728 | C85: 11:08 | D85: 48.578051 | E85: -124.30416 | F85: 0.41805556 | G85: 0.45972222 | H85: 1hr | I85: coho | J85: fry | K85: 0 | L85: 13
A86: 45728 | B86: 45728 | C86: 11:08 | D86: 48.578051 | E86: -124.30416 | F86: 0.41805556 | G86: 0.45972222 | H86: 1hr | I86: chum | J86: fry | K86: 0 | L86: 1
A87: 45729 | B87: 45729 | D87: 48.578051 | E87: -124.30416 | F87: 0.40763889 | G87: 0.44930556 | H87: 1hr | I87: chinook | J87: fry | K87: 0 | L87: 3 | M87: Release sheet not completed
A88: 45729 | B88: 45729 | D88: 48.578051 | E88: -124.30416 | F88: 0.40763889 | G88: 0.44930556 | H88: 1hr | I88: coho | J88: fry | K88: 0 | L88: 19 | M88: Release sheet not completed
A89: 45729 | B89: 45729 | D89: 48.578051 | E89: -124.30416 | F89: 0.40763889 | G89: 0.44930556 | H89: 1hr | I89: chum | J89: fry | K89: 0 | L89: 2 | M89: Release sheet not completed
A90: 45730 | B90: 45730 | D90: 48.578051 | E90: -124.30416 | I90: chinook | J90: fry | K90: 0 | L90: 0 | M90: No marking today
A91: 45730 | B91: 45730 | D91: 48.578051 | E91: -124.30416 | I91: coho | J91: fry | K91: 0 | L91: 0 | M91: No marking today
A92: 45730 | B92: 45730 | D92: 48.578051 | E92: -124.30416 | I92: coho | J92: smolt | K92: 0 | L92: 0 | M92: No marking today
A93: 45730 | B93: 45730 | D93: 48.578051 | E93: -124.30416 | I93: chum | J93: fry | K93: 0 | L93: 0 | M93: No marking today
A94: 45734 | B94: 45734 | D94: 48.578051 | E94: -124.30416 | F94: 0.42013889 | G94: 0.46180556 | H94: 1hr | I94: chinook | J94: fry | K94: 0 | L94: 13
A95: 45734 | B95: 45734 | D95: 48.578051 | E95: -124.30416 | F95: 0.42013889 | G95: 0.46180556 | H95: 1hr | I95: coho | J95: fry | K95: 0 | L95: 18
A96: 45734 | B96: 45734 | D96: 48.578051 | E96: -124.30416 | F96: 0.42013889 | G96: 0.46180556 | H96: 1hr | I96: coho | J96: smolt | K96: 0 | L96: 2
A97: 45734 | B97: 45734 | D97: 48.578051 | E97: -124.30416 | F97: 0.42013889 | G97: 0.46180556 | H97: 1hr | I97: chum | J97: fry | K97: 0 | L97: 3
A98: 45735 | B98: 45735 | C98: 10:52 | D98: 48.578051 | E98: -124.30416 | F98: 0.40833333 | G98: 0.45 | H98: 1hr | I98: chinook | J98: fry | K98: 0 | L98: 21
A99: 45735 | B99: 45735 | C99: 10:52 | D99: 48.578051 | E99: -124.30416 | F99: 0.40833333 | G99: 0.45 | H99: 1hr | I99: coho | J99: fry | K99: 0 | L99: 20
A100: 45735 | B100: 45735 | C100: 10:52 | D100: 48.578051 | E100: -124.30416 | F100: 0.40833333 | G100: 0.45 | H100: 1hr | I100: chum | J100: fry | K100: 0 | L100: 1
...

Sheet Sheet4
A1: gear | B1: (Multiple Items)
A2: year | B2: 2024
T3: march 19 2024
A4: Count of length | B4: Column Labels | U4: 1 coho mort biosampled (29 released live)
A5: Row Labels | B5: fry | C5: smolt | D5: Grand Total
A6: 45364 | B6: 4 | D6: 4
A7: chinook | B7: 2 | D7: 2
A8: chum | B8: 2 | D8: 2
A9: 45365 | B9: 3 | D9: 3
A10: chinook | B10: 2 | D10: 2
A11: coho | B11: 1 | D11: 1
A12: 45366 | B12: 1 | D12: 1
A13: chinook | B13: 1 | D13: 1
A14: 45370 | B14: 72 | D14: 72
A15: chinook | B15: 24 | D15: 24
A16: chum | B16: 18 | D16: 18
A17: coho | B17: 30 | D17: 30
A18: 45371 | B18: 32 | D18: 32
A19: chinook | B19: 14 | D19: 14
A20: chum | B20: 4 | D20: 4
A21: coho | B21: 14 | D21: 14
A22: 45372 | B22: 117 | C22: 2 | D22: 119
A23: chinook | B23: 40 | D23: 40
A24: chum | B24: 14 | D24: 14
A25: coho | B25: 63 | C25: 2 | D25: 65
A26: 45377 | B26: 6 | C26: 7 | D26: 13
A27: chinook | B27: 3 | D27: 3
A28: coho | B28: 3 | C28: 7 | D28: 10
A29: 45378 | B29: 63 | C29: 1 | D29: 64
A30: chinook | B30: 32 | D30: 32
A31: chum | B31: 3 | D31: 3
A32: coho | B32: 27 | C32: 1 | D32: 28
A33: Other | B33: 1 | D33: 1
A34: 45379 | B34: 46 | C34: 5 | D34: 51
A35: chinook | B35: 15 | D35: 15
A36: chum | B36: 1 | D36: 1
A37: coho | B37: 30 | C37: 5 | D37: 35
A38: 45385 | B38: 66 | C38: 7 | D38: 73
A39: chinook | B39: 32 | D39: 32
A40: chum | B40: 2 | D40: 2
A41: coho | B41: 32 | C41: 7 | D41: 39
A42: 45386 | B42: 63 | C42: 4 | D42: 67
A43: chinook | B43: 29 | D43: 29
A44: chum | B44: 5 | D44: 5
A45: coho | B45: 29 | C45: 4 | D45: 33
A46: 45387 | B46: 93 | C46: 1 | D46: 94
A47: chinook | B47: 50 | D47: 50
A48: chum | B48: 12 | D48: 12
A49: coho | B49: 31 | C49: 1 | D49: 32
A50: 45391 | B50: 50 | C50: 1 | D50: 51
A51: chinook | B51: 16 | D51: 16
A52: chum | B52: 2 | D52: 2
A53: coho | B53: 32 | C53: 1 | D53: 33
A54: 45392 | B54: 31 | C54: 10 | D54: 41
A55: coho | B55: 31 | C55: 10 | D55: 41
A56: 45393 | B56: 66 | C56: 3 | D56: 69
A57: chinook | B57: 24 | D57: 24
A58: chum | B58: 12 | D58: 12
A59: coho | B59: 30 | C59: 3 | D59: 33
A60: 45394 | B60: 31 | C60: 2 | D60: 33
A61: coho | B61: 31 | C61: 1 | D61: 32
A62: Steelhead | C62: 1 | D62: 1
A63: 45398 | B63: 13 | C63: 2 | D63: 15
A64: coho | B64: 13 | C64: 2 | D64: 15
A65: 45399 | B65: 35 | C65: 4 | D65: 39
A66: chinook | B66: 3 | D66: 3
A67: chum | B67: 2 | D67: 2
A68: coho | B68: 30 | C68: 4 | D68: 34
A69: 45400 | B69: 17 | C69: 3 | D69: 20
A70: chinook | B70: 2 | D70: 2
A71: coho | B71: 15 | C71: 3 | D71: 18
A72: 45401 | B72: 27 | C72: 1 | D72: 28
A73: chinook | B73: 1 | D73: 1
A74: chum | B74: 2 | D74: 2
A75: coho | B75: 24 | C75: 1 | D75: 25
A76: 45405 | B76: 36 | C76: 3 | D76: 39
A77: chinook | B77: 1 | D77: 1
A78: chum | B78: 3 | D78: 3
A79: coho | B79: 32 | C79: 3 | D79: 35
A80: 45406 | B80: 4 | C80: 4 | D80: 8
A81: chinook | C81: 1 | D81: 1
A82: coho | B82: 4 | C82: 3 | D82: 7
A83: 45407 | B83: 32 | C83: 1 | D83: 33
A84: chinook | B84: 1 | C84: 1 | D84: 2
A85: chum | B85: 1 | D85: 1
A86: coho | B86: 30 | D86: 30
A87: 45408 | B87: 31 | C87: 1 | D87: 32
A88: chinook | B88: 1 | D88: 1
A89: coho | B89: 30 | C89: 1 | D89: 31
A90: 45412 | B90: 30 | C90: 36 | D90: 66
A91: chinook | C91: 30 | D91: 30
A92: coho | B92: 30 | C92: 5 | D92: 35
A93: Other | C93: 1 | D93: 1
A94: 45413 | B94: 35 | D94: 35
A95: chinook | B95: 5 | D95: 5
A96: coho | B96: 30 | D96: 30
A97: 45414 | B97: 32 | C97: 12 | D97: 44
A98: chinook | C98: 1 | D98: 1
A99: coho | B99: 32 | C99: 11 | D99: 43
A100: 45415 | B100: 30 | C100: 3 | D100: 33
...

Sheet lethal sample pivot
B2: frozen_lethal | C2: (Multiple Items)
B4: Count of frozen_lethal | C4: Column Labels
B5: Row Labels | C5: 6' RST | D5: Beach seine | E5: Dip net | F5: IPT | G5: Mini purse seine | H5: Grand Total
B6: 2023 | C6: 7 | D6: 25 | E6: 120 | G6: 5 | H6: 157
B7: 2024 | C7: 49 | F7: 3 | G7: 77 | H7: 129
B8: 2025 | C8: 55 | D8: 15 | G8: 24 | H8: 94
B9: Grand Total | C9: 111 | D9: 40 | E9: 120 | F9: 3 | G9: 106 | H9: 380
B19: BEACH SEINE FILE:
B21: Lethal Sample (Y/N) | C21: Y
B23: Row Labels | C23: Count of Lethal Sample (Y/N)
B24: CN | C24: 103
B25: 24-05-27 | C25: 1
B26: 24-06-13 | C26: 19
B27: 24-06-14 | C27: 2
B28: 24-06-17 | C28: 13
B29: 24-06-24 | C29: 1
B30: 24-06-25 | C30: 20
B31: 24-06-26 | C31: 2
B32: 24-06-27 | C32: 1
B33: 24-07-02 | C33: 12
B34: 24-07-11 | C34: 15
B35: 24-07-12 | C35: 3
... B40: Grand Total | C40: 103

Sheet Samples missing data
A1: Samples shipped that aren't in the database
A3: Number | B3: Comment
A4: SJ24m-PRS463 | B4: Present on COC but not in the data
A5: SJ24m-PRS470 | B5: Present on the COC three times. One of them must be 471
A6: SJ25-410 | B6: 410 was shipped to Biologica but the data has it as 409. Field entry error?
A7: SJ25-421 | B7: 420 was shipped to Biologica but the data has it as 421. Field entry error?
A8: SJ25-431 | B8: 431 was shipped to Biologica but the data has it as 430. Field entry error?
A9: SJF25-3-18-1 | B9: Was shipped to Zootaxy but not in our database
A10: SJF25-3-18-2 | B10: Was shipped to Zootaxy but not in our database
A11: SJF25-3-18-3 | B11: Was shipped to Zootaxy but not in our database
A12: SJ25-016 | B12: Was shipped to Zootaxy but not in our database
A13: SJ25-017 | B13: Was shipped to Zootaxy but not in our database
A14: SJ25-018 | B14: Was shipped to Zootaxy but not in our database
... A31: SJ25-035 | B31: Was shipped to Zootaxy but not in our database
